,name,address,sido,gugun
0,가경동점,충청북도 청주시흥덕구 풍산로 103(복대동),충청북도,청주시흥덕구
1,가남점,경기도 여주시 가남면 태평중앙1길 8-6,경기도,여주시
2,가래비점,경기도 양주시 광적면 가래비길 24,경기도,양주시
3,가마점,"충청북도 청주시서원구 남이면 청남로 1827-25, 1층",충청북도,청주시서원구
4,가수원점,대전광역시 서구 벌곡로 1353번길 63,대전광역시,서구
5,가양동점,"서울특별시 강서구 양천로57길 10-11, 101-1호 (가양동, 이스타빌2차)",서울특별시,강서구
6,가오점,대전광역시 동구 은어송로 77번길 17,대전광역시,동구
7,가운점,경기도 남양주시 가운로2길 63 가운동삼원프라자 105호,경기도,남양주시
8,가장점,대전광역시 서구 갈마로 298,대전광역시,서구
9,가정지구1점,인천광역시 서구 봉오재2로 37 104호,인천광역시,서구
10,가좌3점,인천광역시 서구 가석로156번길 23-1,인천광역시,서구
11,가평역전점,경기도 가평군 가평읍 굴다리길 13,경기도,가평군
12,가평점,경기도 가평군 가평읍 가화로 125-1,경기도,가평군
13,가흥점,경상북도 영주시 창진로 59,경상북도,영주시
14,각화주공점,광주광역시 북구 군왕로207번길 16 107호,광주광역시,북구
15,간성점,강원도 고성군 간성읍 간성로 45,강원도,고성군
16,간현점,강원도 원주시 지정면 간현로 188,강원도,원주시
17,갈곶원동점,경기도 오산시 오산로 68(갈곶동),경기도,오산시
18,갈마점,대전광역시 서구 갈마로 60(갈마동),대전광역시,서구
19,갈산점,인천광역시 부평구 굴포로 42,인천광역시,부평구
20,갈산점(이천),"경기도 이천시 갈산로 81(갈산동, 102)",경기도,이천시
21,갈산점(홍성),충청남도 홍성군 갈산면 갈산로 109-1,충청남도,홍성군
22,감곡점,충청북도 음성군 감곡면 장감로 142,충청북도,음성군
23,감삼점,대구광역시 달서구 두류3동 630-1,대구광역시,달서구
24,강경점,충청남도 논산시 강경읍 계백로 126-1,충청남도,논산시
25,강구점,경상북도 영덕군 강구면 강구리 453,경상북도,영덕군
26,강남구청점,서울특별시 강남구 삼성로119길 41. 1층(삼성동),서울특별시,강남구
27,강남대점,경기도 용인시기흥구 강남동로114번길 22(상하동),경기도,용인시기흥구
28,강릉교동점,강원도 강릉시  강릉대로 269 (교동),강원도,강릉시
29,강릉대점,강원도 강릉시  율곡초교길39번 23(교동),강원도,강릉시
30,강릉서부점,강원도 강릉시  임영로 170-3(임당동),강원도,강릉시
31,강릉옥계점,강원도 강릉시  옥계면 현내시장길 59,강원도,강릉시
32,강릉옥천동점,강원도 강릉시  경강로 2166 1층(옥천동),강원도,강릉시
33,강릉유천점,강원도 강릉시  선수촌로63번길 5 우미린상가106,강원도,강릉시
34,강북점,대구광역시 북구 읍내동 동암로 5-8,대구광역시,북구
35,강상점,"경기도 양평군 강상면 강남로 922, 107호",경기도,양평군
36,강서점,충청북도 청주시흥덕구 가로수로1154 5-21(강서동),충청북도,청주시흥덕구
37,강선점,경기도 고양시일산서구 강선로 67번지 유원상가 103호,경기도,고양시일산서구
38,강진점,전라남도 강진군 강진읍 탐진로 76-1,전라남도,강진군
39,강화1점,인천광역시 강화군 강화읍 강화대로403번길 5,인천광역시,강화군
40,강화2점,인천광역시 강화군 강화읍 중앙로 27,인천광역시,강화군
41,개군점,경기도 양평군 개군면 하자포길 35,경기도,양평군
42,개금점,부산광역시 부산진구 개금본동로32 ,부산광역시,부산진구
43,개봉1점,"서울특별시 구로구 개봉로11길 13, 1층 3호(개봉동)",서울특별시,구로구
44,개신점,충청북도 청주시서원구 장구봉로 130 1층,충청북도,청주시서원구
45,개운점,강원도 원주시 송림길 48-10(개운동),강원도,원주시
46,개포2점,서울특별시 강남구 선릉로6길 12. 1층(개포동),서울특별시,강남구
47,개포3점,서울특별시 강남구 개포로22길 23. 지상1층(개포동),서울특별시,강남구
48,거모점,"경기도 시흥시 도일로 100-3, 103호",경기도,시흥시
49,거제상동점,경상남도 거제시 상동1길 15-11 320동 1층,경상남도,거제시
50,거진점,강원도 고성군 거진읍 거탄진로 117,강원도,고성군
51,거창점,경상남도 거창군 거창읍 거열로2길17,경상남도,거창군
52,건등점,"강원도 원주시 문막읍 왕건로 96, 지하1층",강원도,원주시
53,건영점,경기도 고양시일산서구 성저로 110번지,경기도,고양시일산서구
54,건천점,"경상북도 경주시 건천읍 내서로 1126, 101",경상북도,경주시
55,검산점,전라북도 김제시 검산택지5길 4 ,전라북도,김제시
56,검암경서점,"인천광역시 서구 승학로 426, 우주프라자 104",인천광역시,서구
57,경기송산점,경기도 화성시 수노을1로 191,경기도,화성시
58,경남고성점,경상남도 고성군 고성읍 중앙로43번길71,경상남도,고성군
59,경남금산점,경상남도 진주시 금산면 금산로 101,경상남도,진주시
60,경남단계점,경상남도 산청군 신등면 신등가회로 15,경상남도,산청군
61,경남사천점,경상남도 사천시 사천읍 정의1길 16,경상남도,사천시
62,경남양산점,경상남도 양산시 중앙로 111,경상남도,양산시
63,경복점,"서울특별시 강남구 봉은사로43길 8, 1층 102호(논현동)",서울특별시,강남구
64,경안점,경기도 광주시 중앙로 179 (송정동),경기도,광주시
65,경포대점,강원도 강릉시  해안로 501 ,강원도,강릉시
66,계산1점,인천광역시 계양구 경명대로1029번길 9,인천광역시,계양구
67,계양1동점,인천광역시 계양구 황어로115번길 10,인천광역시,계양구
68,고강1점,경기도 부천시오정구 소사로794번길 59,경기도,부천시오정구
69,고강2점,경기도 부천시오정구 고리울로52번길 35,경기도,부천시오정구
70,고담리점,경기도 이천시 대월면 대산로288번길 72,경기도,이천시
71,고대점,충청남도 당진시 고대면 고대로 47,충청남도,당진시
72,고덕역점,서울특별시 강동구 동남로81길 58(고덕동),서울특별시,강동구
73,고덕점,충청남도 예산군 고덕면 용고길 353,충청남도,예산군
74,고매리점,경기도 용인시기흥구 동탄기흥로 700 1층 (고매동),경기도,용인시기흥구
75,고북점,충청남도 서산시 고북면 고북1로 305-3,충청남도,서산시
76,고색점,"경기도 수원시권선구 매송고색로 687, 1층",경기도,수원시권선구
77,고잔2점,"경기도 안산시단원구 민속공원로 95, 104호",경기도,안산시단원구
78,고잔점,"경기도 안산시단원구 적금로 244, 문화연립상가동 110",경기도,안산시단원구
79,고척동점,서울특별시 구로구 고척로 183-1,서울특별시,구로구
80,고천점,"경기도 의왕시 효행로 44(오전동, 의왕빌딩3호)",경기도,의왕시
81,고한점,강원도 정선군  고한읍 고한로 151-1,강원도,정선군
82,곡반정점,경기도 수원시권선구 곡선로50번길 48,경기도,수원시권선구
83,곤명점,경상남도 사천시 곤명면 완사2길23,경상남도,사천시
84,곤지암점,경기도 광주시 곤지암읍 곤지암로50번길 25,경기도,광주시
85,공덕동점,서울특별시 마포구 효창목4길 25,서울특별시,마포구
86,공덕역점,"서울특별시 마포구 마포대로11길 75 102 (공덕동, 공덕현대아파트상가)",서울특별시,마포구
87,공도점,경기도 안성시 공도읍 고무다리길 10-1,경기도,안성시
88,공릉철길공원점,서울특별시 노원구 동일로184길 69. 1층(공릉동),서울특별시,노원구
89,공성점,경상북도 상주시 공성면 옥산리 290-8,경상북도,상주시
90,공주산성동점,충청남도 공주시 산성찬호길 1(산성동),충청남도,공주시
91,공주중동점,충청남도 공주시 웅진로 140(중동),충청남도,공주시
92,과학단지점,충청북도 청주시청원구 오창읍 오창중앙로 94,충청북도,청주시청원구
93,관산점,경기도 고양시덕양구 통일로802번길 71,경기도,고양시덕양구
94,관양1점,경기도 안양시동안구 관평로327번길 25 101호,경기도,안양시동안구
95,관음점,대구광역시 북구 칠곡중앙대로95길 48-1,대구광역시,북구
96,관저1점,대전광역시 서구 관저동 981 원앙쇼핑109호,대전광역시,서구
97,관저2점,대전광역시 서구 관저로 47,대전광역시,서구
98,광교점,"경기도 수원시영통구 대학1로8번길 59, 1층103호(이의동)",경기도,수원시영통구
99,광나루점,"서울특별시 광진구 아차산로78길 165, 1층 102호(광장동)",서울특별시,광진구
100,광릉내점,경기도 남양주시 진접읍 광릉내로 83,경기도,남양주시
101,광명1점,경기도 광명시 오리로 937,경기도,광명시
102,광명2점,경기도 광명시 광화로 16,경기도,광명시
103,광명역점,"경기도 광명시 신기로17번길 6, 1층102호(일직동,케이스퀘어)",경기도,광명시
104,광산점,광주광역시 광산구 송정로1번길 86,광주광역시,광산구
105,광안점,부산광역시 수영구 무학로33번길 55,부산광역시,수영구
106,광양점,전라남도 광양시 광양읍 인서중앙길 43,전라남도,광양시
107,광장동점,서울특별시 광진구 구의로16길 23,서울특별시,광진구
108,광주점,경기도 광주시 문화로 6(역동),경기도,광주시
109,광주지사, ,,
110,광천점,충청남도 홍성군 광천읍 광천로 312,충청남도,홍성군
111,광탄점,경기도 파주시 광탄면 혜음로 1127-1,경기도,파주시
112,광혜원점,충청북도 진천군 광혜원면 화랑5길 8,충청북도,진천군
113,괘법점,부산광역시 사상구 광장로37번길 71,부산광역시,사상구
114,괴산점,"충청북도 괴산군 괴산읍 읍내로11번길, 8-5",충청북도,괴산군
115,괴안1점,"경기도 부천시소사구 부광로8번길 39,104(괴안동)",경기도,부천시소사구
116,괴정1점,대전광역시 서구 갈마로 170,대전광역시,서구
117,교대앞점,강원도 춘천시 공지로 111 ,강원도,춘천시
118,교대역점,서울특별시 서초구 서초대로60길 25 1층,서울특별시,서초구
119,교하신도시점,경기도 파주시 숲속노을로 300 상가동 1층 104호,경기도,파주시
120,구곡현대점,강원도 원주시 남원로 492-14(단구동1576-3),강원도,원주시
121,구래점,경기도 김포시 김포한강9로 121,경기도,김포시
122,구례점,전라남도 구례군 구례읍 중앙로 35,전라남도,구례군
123,구로2동점,서울특별시 구로구 구로동로23길 7,서울특별시,구로구
124,구리남점,"경기도 구리시 안골로20번길 28(교문동, 1층)",경기도,구리시
125,구미송정점,경상북도 구미시 신시로14길 14,경상북도,구미시
126,구미옥계점,경상북도 구미시 흥안로1길 6-3,경상북도,구미시
127,구반월점,경기도 안산시상록구 남산평1길 3,경기도,안산시상록구
128,구성마북점,경기도 용인시기흥구 연원로 5(마북동),경기도,용인시기흥구
129,구암점,전라북도 군산시 서당길 9 102호,전라북도,군산시
130,구운점,"경기도 수원시권선구 구운로32, 1층(구운동)",경기도,수원시권선구
131,구월1동점,인천광역시 남동구 용천로17번길 15,인천광역시,남동구
132,구의동점,서울특별시 광진구 자양로 322 (구의동),서울특별시,광진구
133,구포점,부산광역시 북구 가람로74 ,부산광역시,북구
134,군남점,경기도 연천군 군남면 군남로 115,경기도,연천군
135,군위점,경상북도 군위군 군위읍 서부리 57-1,경상북도,군위군
136,군자11점,경기도 안산시단원구 선부광장남로 109 가동상가 110호,경기도,안산시단원구
137,군포당동점,"경기도 군포시 군포로510번길 25(당동, 당동누리에뜰해밀제1층118호)",경기도,군포시
138,궁동점(대전),대전광역시 유성구 궁동로 18번길 94,대전광역시,유성구
139,권선점,경기도 수원시권선구 세권로181번길 13(권선동),경기도,수원시권선구
140,궐동대우점,경기도 오산시 청학로 173번길 18(수청동),경기도,오산시
141,근화점,전라남도 목포시 산정로 268-3,전라남도,목포시
142,금곡점,경기도 남양주시 금곡로 49,경기도,남양주시
143,금곡점(수원),경기도 수원시권선구 금곡로140번길 95-27 1층 101호,경기도,수원시권선구
144,금산2점,충청남도 금산군 금산읍 건삼전길 38,충청남도,금산군
145,금암점,전라북도 전주시덕진구 조경단로 44,전라북도,전주시덕진구
146,금오점,경기도 의정부시 금신로 398,경기도,의정부시
147,금왕점,충청북도 음성군 금왕읍 탑골길 18,충청북도,음성군
148,금장점,경상북도 경주시 현곡면 금장5길 20-20,경상북도,경주시
149,금촌주공점,경기도 파주시 가나무로 103 지하층(금촌동),경기도,파주시
150,금호동점,광주광역시 서구 화개1로 31. 107호,광주광역시,서구
151,금호로타리점,서울특별시 성동구 무수막길 89-2,서울특별시,성동구
152,금호역점,서울특별시 성동구 독서당로 287,서울특별시,성동구
153,기계점,경상북도 포항시북구 기계면 기계로 63-1,경상북도,포항시북구
154,기아점,경기도 광명시 기아로 25-1,경기도,광명시
155,기업도시점(원주),강원도 원주시 지정면 신지정로295,강원도,원주시
156,기업도시점(충주),"충청북도 충주시 중앙탑면 원앙9길 15 , 1층 112호",충청북도,충주시
157,기장점,부산광역시 기장군 기장읍 대라리 129-1,부산광역시,기장군
158,기지시점,충청남도 당진시 송악읍 틀모시로 783-1,충청남도,당진시
159,길동3점,"서울특별시 강동구 천호대로185길 89(길동, 1층)",서울특별시,강동구
160,길음점,서울특별시 성북구 길음로 74 길음뉴타운5단지 2-105,서울특별시,성북구
161,김해내동점,경상남도 김해시 평전로 154(내동),경상남도,김해시
162,김해중앙점,경상남도 김해시 가락로15번길 12,경상남도,김해시
163,까치산점,"서울특별시 강서구 강서로12길 3  (화곡동, 인터시티빌라 1층 102호)",서울특별시,강서구
164,꼬꼬점,경상북도 포항시북구 칠성천길 98,경상북도,포항시북구
165,꿈.연화점,경기도 부천시원미구 옥산로 86,경기도,부천시원미구
166,낙성대1점,서울특별시 관악구 인헌3가길 2,서울특별시,관악구
167,난곡점,서울특별시 관악구 문성로16가길 43,서울특별시,관악구
168,남목점,울산광역시 동구 동해안로 40-2(동부동),울산광역시,동구
169,남부점,강원도 원주시 남원로 617-2(명륜동),강원도,원주시
170,남양주도곡점,"경기도 남양주시 와부읍 덕소로 196-14, 101호",경기도,남양주시
171,남원노암점,전라북도 남원시 노송로 1231 한신아파트상가 102호,전라북도,남원시
172,남원점,제주특별자치도 서귀포시 태위로 689(남원항공),제주특별자치도,서귀포시
173,남중·모현점,"전라북도 익산시  고현로14길 53, 1층",전라북도,익산시
174,남창덕신점,울산광역시 울주군 온양읍 연안8길30,울산광역시,울주군
175,남촌점,경기도 오산시 성호대로 24-1(오산동),경기도,오산시
176,남해점,경상남도 남해군 남해읍 화전로48,경상남도,남해군
177,내곡동점,강원도 강릉시  관대길 70(내곡동),강원도,강릉시
178,내동2점,대전광역시 서구 동서대로 977,대전광역시,서구
179,내동점,경기도 부천시오정구 삼작로96번길 21(내동 19-12),경기도,부천시오정구
180,내면점,강원도 홍천군  내면읍 창촌로 48,강원도,홍천군
181,내손동점,"경기도 의왕시 계원대학로 26, 201호 (내손동, 주영프라자)",경기도,의왕시
182,내포1점,충청남도 홍성군 홍북면 애향2길 2,충청남도,홍성군
183,노암점,강원도 강릉시  노가니길 1(노암동),강원도,강릉시
184,노은반석점,"대전광역시 유성구 노은서로266번 77, 104호(지상1층)",대전광역시,유성구
185,노학점,강원도 속초시 교동로 55(교동),강원도,속초시
186,녹양점,"경기도 의정부시 비우로20번길 29(가능동,지상1층)",경기도,의정부시
187,논산2점,충청남도 논산시 계백로 1008,충청남도,논산시
188,논산대교점,충청남도 논산시 대화로133번길 9-5,충청남도,논산시
189,논산주공점,"충청남도 논산시 논산대로 348번길 7, 상가-101(취암동,주공아파트)",충청남도,논산시
190,논현동점,"서울특별시 강남구 강남대로128길 27(논현동, 지상1층 102호)",서울특별시,강남구
191,농암점,경상북도 문경시 농암면 청암2길 10,경상북도,문경시
192,능곡점,"경기도 고양시덕양구 토당로78번길 7-10, 1층(토당동)",경기도,고양시덕양구
193,능주점,전라남도 화순군 능주면 죽수길 50,전라남도,화순군
194,다운점,울산광역시 중구 운곡8길86 ,울산광역시,중구
195,다인점,경상북도 의성군 다인면 서릉길 59,경상북도,의성군
196,단계점,강원도 원주시 원문로 85 1층(학성동),강원도,원주시
197,단계택지점,강원도 원주시 금불3길 34(단계동),강원도,원주시
198,단관점,강원도 원주시 단관길 163(관설동),강원도,원주시
199,단구점,강원도 원주시 치악로 1629 (단구동),강원도,원주시
200,단월동점,경기도 이천시 단월로 29(단월동),경기도,이천시
201,달동1점,울산광역시 남구 왕생로100번길 25-1,울산광역시,남구
202,달동2점,"울산광역시 남구 번영로107번길 3, 203(달동, 주공아파트)",울산광역시,남구
203,달전점,경상북도 포항시북구 흥해읍 도음로877번길 9 삼도미래타운106-106,경상북도,포항시북구
204,답십리점,"서울특별시 동대문구 전농로3길 52-2, 1층(답십리동)",서울특별시,동대문구
205,당감점,부산광역시 부산진구 당감서로78 ,부산광역시,부산진구
206,당북점,경상북도 안동시 대안로 65-2,경상북도,안동시
207,당산동점,서울특별시 영등포구 영중로 114 (영등포동8가),서울특별시,영등포구
208,당수동점,경기도 수원시권선구 당진로 14번길 57 상가 105(당수동),경기도,수원시권선구
209,당진1점,충청남도 당진시 당진중앙2로 54-5,충청남도,당진시
210,당진2점,충청남도 당진시 무수동로 195,충청남도,당진시
211,당진3점,충청남도 당진시 원당로 55,충청남도,당진시
212,당진신평점,충청남도 당진시 신평로 827,충청남도,당진시
213,대강점,충청북도 단양군 대강면 대강로 59-1,충청북도,단양군
214,대고점,"대전광역시 중구 테미로 31-1(대흥동, 1층)",대전광역시,중구
215,대광리점,경기도 연천군 신서면 도대로3번길 33,경기도,연천군
216,대구고성점,대구광역시 서구 원대로13길 16,대구광역시,서구
217,대구남산점,대구광역시 중구 남산로2길 13(남산동),대구광역시,중구
218,대구대명점,대구광역시 남구 두류공원로17길 48,대구광역시,남구
219,대구상동점,대구광역시 수성구 청수로3길 87,대구광역시,수성구
220,대구서문점,대구광역시 서구 국채보상로76길 45-6,대구광역시,서구
221,대구송정점,대구광역시 동구 반야월로 379,대구광역시,동구
222,대구신당점,대구광역시 달서구 서당로7길 109,대구광역시,달서구
223,대구지사, ,,
224,대구지산점,대구광역시 수성구 용학로35길 17,대구광역시,수성구
225,대림동산점,경기도 안성시 공도읍 양기길 48 ,경기도,안성시
226,대림역점,서울특별시 구로구 구로중앙로8길 17,서울특별시,구로구
227,대림점,서울특별시 영등포구 대림로34길 14-1,서울특별시,영등포구
228,대명계대점,대구광역시 남구 중앙대로31길 176,대구광역시,남구
229,대방동점,서울특별시 동작구 등용로 112-1,서울특별시,동작구
230,대봉점,대구광역시 중구 동덕로6길 12-14,대구광역시,중구
231,대산점,충청남도 서산시 대산읍 구진로 61-1,충청남도,서산시
232,대소점,충청북도 음성군 대소면 오태로99번길 12-4,충청북도,음성군
233,대송점,울산광역시 동구 대송6길 24,울산광역시,동구
234,대신점,경기도 여주시 대신면 여양로 1452,경기도,여주시
235,대연점,부산광역시 남구 천제등로28번길 50,부산광역시,남구
236,대우점,인천광역시 부평구 산청로17번길 12,인천광역시,부평구
237,대전용문점,대전광역시 서구 용문로 35-18,대전광역시,서구
238,대전지사, ,,
239,대전터미널점,대전광역시 동구 동서대로1695번길 106,대전광역시,동구
240,대조동점,서울특별시 은평구 역말로9길 40-1. 1층(대조동),서울특별시,은평구
241,대진점,강원도 고성군 현내면 한나루로 112-1,강원도,고성군
242,대천해수욕장점,충청남도 보령시 해수욕장4길 68,충청남도,보령시
243,대치동점,서울특별시 강남구 남부순환로 2917 (1층 108호),서울특별시,강남구
244,대학로점,강원도 삼척시  대학로 45(당저동),강원도,삼척시
245,대화장성점,경기도 고양시일산서구 호수로838번길 22,경기도,고양시일산서구
246,대화점(강원),강원도 평창군  대화면 대화3길 46,강원도,평창군
247,덕산점,충청북도 진천군 덕산면 덕금로 809,충청북도,진천군
248,덕절리점,경기도 화성시 정남면 발안로 1177,경기도,화성시
249,덕정점,경기도 양주시 덕정길 23,경기도,양주시
250,덕천점,경기도 안양시만안구 덕천로128번길 18(안양동),경기도,안양시만안구
251,덕풍동점,"경기도 하남시 신장로 104(신장동,성원쌍떼빌)",경기도,하남시
252,도계점,"강원도 삼척시  도계읍 도계로 228, 1/3",강원도,삼척시
253,도고점,충청남도 아산시 도고면 아산만로 162-1,충청남도,아산시
254,도구점,경상북도 포항시남구 동해면 일월로 116,경상북도,포항시남구
255,도당점,경기도 부천시원미구 옥산로 145,경기도,부천시원미구
256,도련점,"제주특별자치도 제주시 삼봉로 115, 미듬하나로맨션상가 103호",제주특별자치도,제주시
257,도림주공점,인천광역시 남동구 논고개로 299,인천광역시,남동구
258,도립대점,강원도 강릉시  주문진읍 연주로 261-1,강원도,강릉시
259,도마점,대전광역시 서구 도마5길 4,대전광역시,서구
260,도봉점,"서울특별시 도봉구 도봉로164길 10(도봉동, 1층)",서울특별시,도봉구
261,도안지구점,대전광역시 유성구 원신흥남로 11번길 6-22 (102호),대전광역시,유성구
262,도영점,강원도 원주시 남원로 527번길 6-34(명륜동),강원도,원주시
263,도평점,경기도 광주시 초월읍 현산로 89-6,경기도,광주시
264,도화동점,서울특별시 마포구 도화2안길 10,서울특별시,마포구
265,독립문점,서울특별시 종로구 통일로 222(교북동),서울특별시,종로구
266,독산1점,서울특별시 금천구 가산로 80,서울특별시,금천구
267,독산3점,서울특별시 금천구 독산로 319 (독산동),서울특별시,금천구
268,동광양점,전라남도 광양시 중마로 201,전라남도,광양시
269,동대동점,충청남도 보령시 작은오랏2길 60-6,충청남도,보령시
270,동두천역전점,경기도 동두천시 생연로 120(생연동),경기도,동두천시
271,동두천터미널점,경기도 동두천시 중앙로265번길 15,경기도,동두천시
272,동명동점,강원도 속초시 번영로105번길 19(동명동),강원도,속초시
273,동명점,경상북도 칠곡군 동명면 봉암1길 7,경상북도,칠곡군
274,동보점,강원도 원주시 진광길 30(우산동),강원도,원주시
275,동삼점,부산광역시 영도구 태종로 688-2(동삼동),부산광역시,영도구
276,동송점,강원도 철원군  동송읍 금학로 232,강원도,철원군
277,동아점,경기도 고양시일산동구 강송로 196 동아아파트상가 1-3,경기도,고양시일산동구
278,동암남점,인천광역시 부평구 경인로701번길 43 1층,인천광역시,부평구
279,동천동점,경기도 용인시수지구 고기로45번길 58 동문그린아파트 상가101호,경기도,용인시수지구
280,동천점,경상북도 경주시 탈해로47번길 6-4,경상북도,경주시
281,동촌점,대구광역시 동구 해동로 243-1,대구광역시,동구
282,동탄1점,"경기도 화성시 동탄지성로 150-9(능동,상가101호)",경기도,화성시
283,동탄2점,경기도 화성시 동탄청계로 303-14,경기도,화성시
284,동탄반송점,"경기도 화성시 노작로3길 22,1층 일부호(반송동)",경기도,화성시
285,동탄호수공원점,경기도 화성시 동탄순환대로 127-9 1층 116호,경기도,화성시
286,동해점,강원도 동해시  천곡2길 4(천곡동),강원도,동해시
287,두구동점,부산광역시 금정구 체육공원로 618,부산광역시,금정구
288,두정점,충청남도 천안시서북구 부성6길 23,충청남도,천안시서북구
289,두호점,경상북도 포항시북구 삼호로321번길 12 ,경상북도,포항시북구
290,둔덕점,전라남도 여수시 만성로 20,전라남도,여수시
291,둔산1점,대전광역시 서구 둔산로 201 국화동성@상가 202호,대전광역시,서구
292,둔산2점,대전광역시 서구 둔산로218번길 29,대전광역시,서구
293,등촌제일점,서울특별시 강서구 양천로60길 6 (등촌동),서울특별시,강서구
294,뚝섬점,서울특별시 광진구 뚝섬로23길 50,서울특별시,광진구
295,레이크타운점,"경기도 안산시단원구 광덕1로 195, 104호",경기도,안산시단원구
296,마석점,"경기도 남양주시 화도읍 비룡로 185-20, 210(삼진상가2층)",경기도,남양주시
297,마송점,경기도 김포시 통진읍 조강로 49,경기도,김포시
298,마전역점,인천광역시 서구 완정로 70,인천광역시,서구
299,마전점,충청남도 금산군 추부면 마전로 55,충청남도,금산군
300,마천1점,서울특별시 송파구 마천로61길 9(마천동),서울특별시,송파구
301,마평리점,경기도 용인시처인구 금령로 129(마평동),경기도,용인시처인구
302,만년점,대전광역시 서구 만년로16번길 27(만년동),대전광역시,서구
303,만수1점,"인천광역시 남동구 만수서로 97-17, 103호",인천광역시,남동구
304,만수3점,인천광역시 남동구 백범로214번길 6-2,인천광역시,남동구
305,만수삼환점,인천광역시 남동구 소래로669번길 30 106호,인천광역시,남동구
306,만수주공점,인천광역시 남동구 장승남로34번길 22 상가 111호,인천광역시,남동구
307,만촌점,대구광역시 수성구 국채보상로 1024,대구광역시,수성구
308,망상점,"강원도 동해시  동해대로 6270-16, 1층 111호(망상동)",강원도,동해시
309,망우동점,서울특별시 중랑구 용마산로 456 (망우동),서울특별시,중랑구
310,망원동점,서울특별시 마포구 방울내로 66,서울특별시,마포구
311,매산점,경기도 수원시팔달구 갓매산로26번길 24,경기도,수원시팔달구
312,매송점,경기도 화성시 매송면 화성로 2358번길 37,경기도,화성시
313,매탄점,경기도 수원시영통구 동수원로514번 15 103호,경기도,수원시영통구
314,매화동점,경기도 시흥시 매화1로 21,경기도,시흥시
315,면목1점,"서울특별시 중랑구 면목천로19길 16, 1층(면목동)",서울특별시,중랑구
316,명곡점,대구광역시 달성군 화원읍 비슬로 2420,대구광역시,달성군
317,명보점,충청북도 제천시 용두천로 112(남천동),충청북도,제천시
318,명일점,서울특별시 강동구 동남로67길 44(명일동),서울특별시,강동구
319,모가점,경기도 이천시 모가면 진상미로 1257(성광주택),경기도,이천시
320,모산점,충청남도 아산시 배방읍 모산로 172,충청남도,아산시
321,모슬포점,제주특별자치도 서귀포시 대정읍 상모대서로 25,제주특별자치도,서귀포시
322,모현점,경기도 용인시처인구 모현면 외대로 36,경기도,용인시처인구
323,목감점,경기도 시흥시 동서로 1095,경기도,시흥시
324,목동1점,서울특별시 양천구 목동중앙로 49,서울특별시,양천구
325,목동3점,"서울특별시 양천구 목동동로 50 A-111(신정동, 목동아파트)",서울특별시,양천구
326,목동시장점,서울특별시 양천구 목동중앙남로10길 7,서울특별시,양천구
327,목상석봉점,"대전광역시 대덕구 대덕대로1454번길 11-6(목상동,1층)",대전광역시,대덕구
328,목행점,충청북도 충주시 행정10길 10(목행동),충청북도,충주시
329,무거1점,울산광역시 남구 신복로23번길 15(무거동),울산광역시,남구
330,무실점,강원도 원주시 시청로  88-1,강원도,원주시
331,무원삼보점,경기도 고양시덕양구 화신로 31 무원마을 삼보상가 102,경기도,고양시덕양구
332,무주점,전라북도 무주군 무주읍 향학로 42,전라북도,무주군
333,무지개점,"경기도 성남시분당구 미금로 23 (구미동, 무지개마을)  106호",경기도,성남시분당구
334,묵동점,서울특별시 중랑구 동일로149길 15,서울특별시,중랑구
335,묵호점,"강원도 동해시  발한로 137(발한동, 가동)",강원도,동해시
336,문경점,경상북도 문경시 문경읍 주흘로 29,경상북도,문경시
337,문덕점,경상북도 포항시남구 오천읍 해병로 405 청호아파트상가 101호  펼치기/접기,경상북도,포항시남구
338,문막점,강원도 원주시 문막읍 문막시장1길 55-2,강원도,원주시
339,문산점,"경기도 파주시 문산읍 문향로 82,  102호",경기도,파주시
340,문정점,"서울특별시 송파구 송이로33길 6-17(문정동, 지상1층)",서울특별시,송파구
341,문촌점,경기도 고양시일산서구 대산로 183,경기도,고양시일산서구
342,문학점,"인천광역시 미추홀구 승학길 4(문학동, 101호)",인천광역시,미추홀구
343,문화동점,충청북도 충주시 사직산1길 15-11(문화동),충청북도,충주시
344,문화점,대전광역시 중구 보문산로 161번길 61,대전광역시,중구
345,미금점,경기도 성남시분당구 미금일로 55 상가동108호,경기도,성남시분당구
346,미룡산북점,전라북도 군산시 부곡로 125(미룡동),전라북도,군산시
347,미사1점,"경기도 하남시 미사강변중앙로 223, 113호 (망월동, 센트럴파크1)",경기도,하남시
348,미아점,서울특별시 강북구 도봉로29길 10 1층,서울특별시,강북구
349,미원점,충청북도 청주시상당구 미원면 미원시내2길 19-3,충청북도,청주시상당구
350,민락점,경기도 의정부시 오목로 99,경기도,의정부시
351,박달동점,경기도 안양시만안구 박달로 471,경기도,안양시만안구
352,반달마을점,경기도 부천시원미구 상일로 69 1층,경기도,부천시원미구
353,반송2점,부산광역시 해운대구 반송로924번길 27-2,부산광역시,해운대구
354,반월점,전라북도 전주시덕진구 반월3길 19 (반월주공아파트상가 104호),전라북도,전주시덕진구
355,발산동점,서울특별시 강서구 우장산로 9(내발산동),서울특별시,강서구
356,방배본점,서울특별시 서초구 동광로11길 25. 1층(방배동),서울특별시,서초구
357,방어진점,울산광역시 동구 화문로 75,울산광역시,동구
358,방이2점,"서울특별시 송파구 오금로23길 25, 나동 1층 (방이동)",서울특별시,송파구
359,방화1점,서울특별시 강서구 양천로11길 8(방화동 487-8 1층),서울특별시,강서구
360,방화2점,"서울특별시 강서구 방화동로 116-1(방화동, 1층)",서울특별시,강서구
361,배시내점,경상북도 김천시 감문면 배시내길14,경상북도,김천시
362,백련시장점,서울특별시 서대문구 증가로 135(남가좌동),서울특별시,서대문구
363,백사점,경기도 이천시 백사면 현방로 78-2,경기도,이천시
364,백암점,경상북도 울진군 온정면 소태로 3,경상북도,울진군
365,백양사점,전라남도 장성군 북하면 백양로 904,전라남도,장성군
366,백천점,경상북도 경산시 백천동 경청로219길 4-6 108호 ,경상북도,경산시
367,백학점,경기도 연천군 백학면 백두길 69-4,경기도,연천군
368,번동점,서울특별시 강북구 오현로32길 4-3 1층 5호,서울특별시,강북구
369,범서점,울산광역시 울주군 범서읍 점촌5길 37,울산광역시,울주군
370,범어점,경상남도 양산시 물금읍 동중5길22,경상남도,양산시
371,범어B점,대구광역시 수성구 동대구로77길 24,대구광역시,수성구
372,법1동점,대전광역시 대덕구 계족로 663번길 30,대전광역시,대덕구
373,법2동점,대전광역시 대덕구 계족산로17번길 81,대전광역시,대덕구
374,법원점,경상북도 포항시북구 장량중앙로 84,경상북도,포항시북구
375,별내점,경기도 남양주시 별내중앙로26 111호,경기도,남양주시
376,병영점,울산광역시 중구 병영로 80,울산광역시,중구
377,병점점,경기도 화성시 병점로 58(병점동),경기도,화성시
378,병천점,충청남도 천안시동남구 병천면 아우내장터2길 46,충청남도,천안시동남구
379,보개점,경기도 안성시 보개면 남사당로 1-3,경기도,안성시
380,보광2점,"서울특별시 용산구 장문로6길 101, 지상1층(동빙고동 1-9)",서울특별시,용산구
381,보라매동점,서울특별시 관악구 보라매로 22 (봉천동),서울특별시,관악구
382,보라점,경기도 용인시기흥구 사은로 116,경기도,용인시기흥구
383,보령웅천점,충청남도 보령시 웅천읍 충서로 872,충청남도,보령시
384,보은점,충청북도 보은군 보은읍 삼산로 31,충청북도,보은군
385,복대점,충청북도 청주시흥덕구 복대로 199번길 3,충청북도,청주시흥덕구
386,복수점,대전광역시 서구 복수북로 61,대전광역시,서구
387,본리점,대구광역시 달서구 대명천로42길 26,대구광역시,달서구
388,본오2점,경기도 안산시상록구 각골로 123,경기도,안산시상록구
389,본오3점,경기도 안산시상록구 본오로 27,경기도,안산시상록구
390,봉곡점,경상북도 구미시 봉곡남로9길 35,경상북도,구미시
391,봉담와우리점,경기도 화성시 봉담읍 와우로15번길 55-9 효성@상가1층,경기도,화성시
392,봉담점,경기도 화성시 봉담읍 진등1길 57-1,경기도,화성시
393,봉덕2점,대구광역시 남구 대봉로 35,대구광역시,남구
394,봉산점,강원도 원주시 치악로 1867 (봉산동),강원도,원주시
395,봉암리점,경기도 양주시 은현면 은현로 521,경기도,양주시
396,봉천현대점,"서울특별시 관악구 양녕로 35-1, 1층(봉천동)",서울특별시,관악구
397,봉평점,강원도 평창군  봉평면 기풍3길 28,강원도,평창군
398,봉화점,경상북도 봉화군 봉화읍 내성리 236-17,경상북도,봉화군
399,부강점,세종특별자치시  부강면 부강2길 11,세종특별자치시,부강면
400,부개주공점,"인천광역시 부평구 부개로 79, (부개동,부개택지개발1블럭)",인천광역시,부평구
401,부곡점(안산),"경기도 안산시상록구 성호로 258, 안산제2종합시장 1003호",경기도,안산시상록구
402,부곡점(의왕),경기도 의왕시 솔밭길 31,경기도,의왕시
403,부론점,강원도 원주시 부론면 법천시장길 66-11,강원도,원주시
404,부발점,경기도 이천시 부발읍 무촌로 137,경기도,이천시
405,부산송정점,부산광역시 해운대구 송정중앙로 15-1,부산광역시,해운대구
406,부산신평점,부산광역시 사하구 다대로142번길 130(신평동),부산광역시,사하구
407,부산지사, ,,
408,부석점,경상북도 영주시 부석면 소천리 381-7,경상북도,영주시
409,부송점,전라북도 익산시 부송1로 65,전라북도,익산시
410,부안점,강원도 춘천시 후석로 261(후평동),강원도,춘천시
411,부여점,충청남도 부여군 부여읍 성왕로 173번길 12,충청남도,부여군
412,부평점,"인천광역시 부평구 부평문화로115 7, 1층(부평동)",인천광역시,부평구
413,북가좌1점,"서울특별시 서대문구 증가로20길 71, 1층(북가좌동)",서울특별시,서대문구
414,북가좌2점,서울특별시 서대문구 거북골로 148(북가좌동),서울특별시,서대문구
415,북문점,경기도 수원시장안구 팔달로259번길 9,경기도,수원시장안구
416,북변점,"경기도 김포시 봉화로182번길 29, 113호",경기도,김포시
417,북부점(경주),경상북도 경주시 북성로 96,경상북도,경주시
418,북부점(포항),경상북도 포항시북구 삼호로 239,경상북도,포항시북구
419,북삼점,경상북도 칠곡군 북삼읍 평원2길 15,경상북도,칠곡군
420,북평점,강원도 동해시  대동로 131(북평동),강원도,동해시
421,분당동점,경기도 성남시분당구 수내로 201,경기도,성남시분당구
422,분평동점,충청북도 청주시서원구 청남로 2005번길 27,충청북도,청주시서원구
423,불광동점,서울특별시 은평구 불광로 192,서울특별시,은평구
424,불노지구점,"인천광역시 서구 검단로 842, 중앙상가동 1층 153호",인천광역시,서구
425,불당점,충청남도 천안시서북구 불당5길 23,충청남도,천안시서북구
426,불로점,대구광역시 동구 팔공로 184,대구광역시,동구
427,비래가양점,대전광역시 동구 비래서로 42번길 7,대전광역시,동구
428,비산1동점,"경기도 안양시동안구 경수대로 946, 111호 (비산동, 대광로제비앙)",경기도,안양시동안구
429,비산삼호점,경기도 안양시동안구 동안로 259,경기도,안양시동안구
430,비산점,대구광역시 서구 문화로 61길 2,대구광역시,서구
431,비산B점,대구광역시 서구 통학로48길 35,대구광역시,서구
432,비인점,충청남도 서천군 비인면 비인로 158-1,충청남도,서천군
433,사당4점,서울특별시 동작구 동작대로7길 34,서울특별시,동작구
434,사동2점,"경기도 안산시상록구 감골로 43(사동, 102호)",경기도,안산시상록구
435,사동리점,경기도 이천시 대월면 사동로 162,경기도,이천시
436,사동점,경기도 안산시상록구 후곡4길 25,경기도,안산시상록구
437,사북점,강원도 정선군  사북읍 사북중앙로 13,강원도,정선군
438,사우동점,강원도 춘천시 영서로 2818(사농동),강원도,춘천시
439,사우지구점,경기도 김포시 김포대로926번길 131,경기도,김포시
440,사직점,부산광역시 동래구 석사북로33 ,부산광역시,동래구
441,사창동점,충청북도 청주시서원구 1순환로 698(사창동),충청북도,청주시서원구
442,사창리점,강원도 화천군  사내면 사내로 47-1,강원도,화천군
443,산격점,대구광역시 북구 산격로 92,대구광역시,북구
444,산본13점,"경기도 군포시 고산로677번길 12 우성상가A동 8,9호",경기도,군포시
445,산본3점,"경기도 군포시 광정로 25-16. 103호(금정동,퇴계종합상가)",경기도,군포시
446,산본6점,"경기도 군포시 산본천로 34-5(산본동, 세종종합상가동101호)",경기도,군포시
447,산본9점,"경기도 군포시 수리산로203번안길 34 , 1층(산본동)",경기도,군포시
448,산본리점,"경기도 군포시 금산로 62, 1층 (산본동)",경기도,군포시
449,산북점,경기도 여주시 산북면 상품로 99,경기도,여주시
450,삼계점,경상남도 김해시 가야로147번길 12-1 ,경상남도,김해시
451,삼광점,강원도 원주시 행구로 107,강원도,원주시
452,삼동점,경기도 광주시 순암로 509(삼동),경기도,광주시
453,삼방점,경상남도 김해시 삼안로235번길 14(삼방동668-17),경상남도,김해시
454,삼산점,인천광역시 부평구 후정동로 15,인천광역시,부평구
455,삼성동점,"서울특별시 강남구 영동대로112길 61, 1층(삼성동)",서울특별시,강남구
456,삼송점,경기도 고양시덕양구 삼송로193번길  29   1층,경기도,고양시덕양구
457,삼양동점,서울특별시 강북구 솔매로 39 (미아동),서울특별시,강북구
458,삼환대우점,"인천광역시 연수구 원인재로 124, 상가동 1층 116호",인천광역시,연수구
459,삽교점,충청남도 예산군 삽교읍 삽교로2길 2,충청남도,예산군
460,상계역점,"서울특별시 노원구 상계로23다길 4, 102호(상계동)",서울특별시,노원구
461,상대원1점,경기도 성남시중원구 박석로62번길 1(상대원동),경기도,성남시중원구
462,상도4동점,서울특별시 동작구 양녕로26길 28 1층,서울특별시,동작구
463,상도동점,서울특별시 동작구 만양로 7 ,서울특별시,동작구
464,상동라일락점,"경기도 부천시원미구 도약로 35, 105(상동)",경기도,부천시원미구
465,상동점,전라북도 정읍시 충정로 37 ,전라북도,정읍시
466,상동현대점,경기도 부천시원미구 조마루로85번길 9,경기도,부천시원미구
467,상리점,경기도 여주시 청심로 232(상동),경기도,여주시
468,상무세정점,광주광역시 서구 상무화원로31번길 18,광주광역시,서구
469,상봉동점,서울특별시 중랑구 봉우재로 161(상봉동),서울특별시,중랑구
470,상인점,대구광역시 달서구 상화북로 137,대구광역시,달서구
471,상일동점,"서울특별시 강동구 상일로 29-1, 1층(상일동)",서울특별시,강동구
472,새마을점,경기도 안양시만안구 병목안로 119,경기도,안양시만안구
473,샘머리점,대전광역시 서구 청사로 281 상록스토아 306,대전광역시,서구
474,샘터점,경기도 고양시덕양구 화신로 73 D상가 103호,경기도,고양시덕양구
475,샤로수길점,"서울특별시 관악구 관악로14길 59, 1층 (봉천동)",서울특별시,관악구
476,서3점,부산광역시 금정구 금사로 11-1(서동),부산광역시,금정구
477,서귀동문점,제주특별자치도 서귀포시 서문로29번길 18,제주특별자치도,서귀포시
478,서근리점,경기도 화성시 팔탄면 버들로1362번길 6,경기도,화성시
479,서남점,대구광역시 달서구 당산로41길 69,대구광역시,달서구
480,서둔탑동평동점,경기도 수원시권선구 서둔로 197-1,경기도,수원시권선구
481,서면점(충남),세종특별자치시  연서면 당산로 286 대원네스트빌@상가101,세종특별자치시,연서면
482,서변점,대구광역시 북구 서변로 103,대구광역시,북구
483,서부점,경상남도 창원시진해구  충장로 100,경상남도,창원시진해구
484,서산1점,충청남도 서산시 동헌로 129,충청남도,서산시
485,서산부영점,충청남도 서산시 성암1로 56,충청남도,서산시
486,서산삼성점,충청남도 서산시 서령로 137,충청남도,서산시
487,서상점,경상남도 함양군 서상면 서상로 290-2,경상남도,함양군
488,서석점,강원도 홍천군  서석면 구룡령로 2525,강원도,홍천군
489,서울온천점,"서울특별시 노원구 노원로16길 15, 상가동 1층 104호 (하계동,중계9단지상가)",서울특별시,노원구
490,서울지사,서울특별시 금천구 시흥동 985-14,서울특별시,금천구
491,서정점,경기도 평택시 송탄로 183,경기도,평택시
492,서천점,충청남도 서천군 서천읍 서천로 117,충청남도,서천군
493,서천점(용인),"경기도 용인시기흥구 예현로35번길  6 서천동,1층",경기도,용인시기흥구
494,서초동점,서울특별시 서초구 효령로 424,서울특별시,서초구
495,서현점,경기도 성남시분당구 불정로376번길 31,경기도,성남시분당구
496,석관동점,"서울특별시 성북구 돌곶이로22길 50, 1층(석관동)",서울특별시,성북구
497,석림점,충청남도 서산시 석림3로 25,충청남도,서산시
498,석문점,충청남도 당진시 석문면 통정3안길 8-15,충청남도,당진시
499,석사점,"강원도 춘천시 공지로252번길 4, 1층(효자동)",강원도,춘천시
500,석적점,경상북도 칠곡군 석적읍 북중리 11길 28,경상북도,칠곡군
501,석촌점,"서울특별시 송파구 송파대로37길 26, 101호 (석촌동)",서울특별시,송파구
502,석포점,경기도 화성시 장안면 버들로 1199,경기도,화성시
503,선부3점,"경기도 안산시단원구 달미로 85-1, 104호",경기도,안산시단원구
504,선수촌점,서울특별시 송파구 올림픽로4길 17,서울특별시,송파구
505,선유점,경기도 파주시 문산읍 독서울1길 39 휴먼시아상가 106,경기도,파주시
506,선화점,대전광역시 중구 대전천서로 503,대전광역시,중구
507,설봉점,경기도 이천시 향교로 106(창전동),경기도,이천시
508,설성점,경기도 이천시 설성면 설장로 13,경기도,이천시
509,설악동점,강원도 속초시 청봉로 77,강원도,속초시
510,설악면점,경기도 가평군 설악면 신천중앙로 131,경기도,가평군
511,성거점,충청남도 천안시서북구 성거읍 성거길 90,충청남도,천안시서북구
512,성건점,경상북도 경주시 금성로 414,경상북도,경주시
513,성남점,경기도 성남시중원구 성남대로 1151,경기도,성남시중원구
514,성남점(울산),울산광역시 중구 새즈믄해거리 19 (성남동2층),울산광역시,중구
515,성내동점,서울특별시 강동구 성안로3길 102(성내동),서울특별시,강동구
516,성당점,대구광역시 달서구 장기로26길 51,대구광역시,달서구
517,성대1점,경기도 수원시장안구 율전로85번길 15(율전동),경기도,수원시장안구
518,성대2점,"경기도 수원시장안구 서부로2197번길 36-1, 1층",경기도,수원시장안구
519,성산동점,서울특별시 마포구 월드컵북로 230(중동),서울특별시,마포구
520,성산점,제주특별자치도 서귀포시 성산읍 성산중앙로 36,제주특별자치도,서귀포시
521,성서점,대구광역시 달서구 성서서로 316,대구광역시,달서구
522,성석점,경기도 고양시일산동구 고봉로 616(성석동),경기도,고양시일산동구
523,성정2점,충청남도 천안시서북구 서부12길 14,충청남도,천안시서북구
524,성정점,충청남도 천안시서북구 성정로 75,충청남도,천안시서북구
525,성주점(경북),경상북도 성주군 월항면  주산로 397,경상북도,성주군
526,성환점,충청남도 천안시서북구 성환읍 성환중앙로 49,충청남도,천안시서북구
527,세검정점,서울특별시 종로구 평창문화로 28-1(평창동),서울특별시,종로구
528,세곡점,서울특별시 강남구 밤고개로34길 4  (세곡동 1층 16),서울특별시,강남구
529,세류점,경기도 수원시권선구 정조로 558(세류동),경기도,수원시권선구
530,세종청사점,"세종특별자치시  갈매로 479, 101호(어진동, 상가동지하1층)",세종특별자치시,갈매로
531,센트럴파크점,인천광역시 연수구 컨벤시아대로 50,인천광역시,연수구
532,소래점,인천광역시 남동구 청능대로 718번길 9,인천광역시,남동구
533,소사3점,"경기도 부천시소사구 소사로160번길 26-2, 1층일부(소사본동)",경기도,부천시소사구
534,소양로점,강원도 춘천시 중앙로 126 (소양로4가),강원도,춘천시
535,소촌점,광주광역시 광산구 어등대로665번길 27,광주광역시,광산구
536,속리산점,충청북도 보은군 속리산면 사내6길 5-3,충청북도,보은군
537,송강그린점,대전광역시 유성구 와룡로 21,대전광역시,유성구
538,송강마을점,대전광역시 유성구 구즉로58번길 12(송강동),대전광역시,유성구
539,송내1점,경기도 부천시소사구 경인로120번길 송내동 457-1,경기도,부천시소사구
540,송내점,경기도 동두천시 거북마루로 24,경기도,동두천시
541,송도신도시점,"인천광역시 연수구 해돋이로6번길 33, 한진해모로상가 105호",인천광역시,연수구
542,송도점(인천),인천광역시 연수구 비류대로 216 1층4호,인천광역시,연수구
543,송도점(포항),경상북도 포항시남구 송림로 47-1,경상북도,포항시남구
544,송림점,인천광역시 동구 샛골로161번길 25,인천광역시,동구
545,송산점,충청남도 당진시 송산면 송산로 809,충청남도,당진시
546,송악점,충청남도 아산시 송악면 송악로 813,충청남도,아산시
547,송정점,"강원도 동해시 동해항2길 5, 7/2(송정동)",강원도,동해시
548,송지호점,강원도 고성군 죽왕면 동해대로 5902,강원도,고성군
549,송천점,전라북도 전주시덕진구 솔내로 111(송천동1가),전라북도,전주시덕진구
550,송촌점,대전광역시 대덕구 동춘당로23번길 104,대전광역시,대덕구
551,송현점,대구광역시 달서구 월배로74길 24,대구광역시,달서구
552,수곡동점,충청북도 청주시서원구 청남로 2092-1(수곡동),충청북도,청주시서원구
553,수리산역점,"경기도 군포시 번영로 403, 211(산본동, 가야주공)",경기도,군포시
554,수림점,인천광역시 남동구 주안로237번길 1,인천광역시,남동구
555,수서점,"서울특별시 강남구 광평로51길 49, 수서주공아파트상가112",서울특별시,강남구
556,수성점,대구광역시 수성구 달구벌대로458길 26,대구광역시,수성구
557,수안보점,충청북도 충주시 수안보면 장터2길 20-7,충청북도,충주시
558,수완점,광주광역시 광산구 수완로9번길 38,광주광역시,광산구
559,수원지사, ,,
560,수유점,"서울특별시 강북구 노해로11길 42, 1층(수유동)",서울특별시,강북구
561,수진점,"경기도 성남시수정구 제일로124번길 8, 1층 (수진동)",경기도,성남시수정구
562,순흥점,경상북도 영주시 순흥면 읍내리 315-1,경상북도,영주시
563,시화3점,경기도 시흥시 정왕대로53번길 29,경기도,시흥시
564,시화5점,경기도 시흥시 역전로 427 세종상가 104,경기도,시흥시
565,시화6점,경기도 시흥시 중심상가로 132 청솔아파트 상가 104호,경기도,시흥시
566,시화7점,"경기도 시흥시 정왕신길로49번 37,109(서해APT상가)",경기도,시흥시
567,시화8점,"경기도 시흥시 정왕대로266번길 6, 금강아파트 상가 108호",경기도,시흥시
568,시화지구점,경기도 시흥시 봉우재로7번길 20,경기도,시흥시
569,시흥사거리점,서울특별시 금천구 시흥대로57길 41 1층,서울특별시,금천구
570,시흥현대점,"서울특별시 금천구 독산로36길 8, 지하1층 (시흥동)",서울특별시,금천구
571,신갈점,경기도 용인시기흥구 신구로53번길 10-1(신갈동),경기도,용인시기흥구
572,신계점,충청남도 천안시동남구 목천읍 충철로 874 ,충청남도,천안시동남구
573,신곡점,경기도 의정부시 시민로 240,경기도,의정부시
574,신공덕점,"서울특별시 마포구 만리재옛길 20(신공덕동, 1층)",서울특별시,마포구
575,신공항점,"인천광역시 중구 영종대로27번길 41, 상가동 103호",인천광역시,중구
576,신관점,충청남도 공주시 공주대학로 23-4 ,충청남도,공주시
577,신관초교점,충청남도 공주시 번영1로 97-20 ,충청남도,공주시
578,신구로점,서울특별시 구로구 구로중앙로 28다길21,서울특별시,구로구
579,신길2점,서울특별시 영등포구 영등포로86길 12 (신길동),서울특별시,영등포구
580,신내동점,"서울특별시 중랑구 봉화산로 236(신내동, 102호)",서울특별시,중랑구
581,신대방역점,서울특별시 관악구 남부순환로143길 20,서울특별시,관악구
582,신대점,대전광역시 대덕구 신탄진로 213,대전광역시,대덕구
583,신도림점,서울특별시 구로구 신도림로11다길 23(신도림동),서울특별시,구로구
584,신둔점,경기도 이천시 신둔면 경충대로 3172,경기도,이천시
585,신례원점,충청남도 예산군 예산읍 창말로 8,충청남도,예산군
586,신림2점,서울특별시 관악구 대학길 70,서울특별시,관악구
587,신림점(원주),강원도 원주시 신림면 신림황둔로 4,강원도,원주시
588,신림현대점,"서울특별시 관악구 신림로 122, 1층 (신림동)",서울특별시,관악구
589,신반점,경상남도 의령군 부림면 신번로 164,경상남도,의령군
590,신부점,충청남도 천안시동남구 터미널5길 14,충청남도,천안시동남구
591,신사동점,"서울특별시 은평구 갈현로3길 33-8, 1층 (신사동)",서울특별시,은평구
592,신선점,부산광역시 영도구 하나길 614,부산광역시,영도구
593,신설동점,서울특별시 종로구 숭인동길 53-4,서울특별시,종로구
594,신성점,대전광역시 유성구 신선로72번길 30,대전광역시,유성구
595,신수동점,"서울특별시 마포구 토정로 240, 상가동 101호 (신수동, 신수현대아파트)",서울특별시,마포구
596,신수리점,강원도 철원군  서면 자등로 595,강원도,철원군
597,신시가지점,제주특별자치도 서귀포시 김정문화로 66(삼주연립주택),제주특별자치도,서귀포시
598,신양점,충청남도 예산군 신양면 청신로 364,충청남도,예산군
599,신영통점,경기도 수원시영통구 영통로90번길 4-9(망포동485-3),경기도,수원시영통구
600,신원당점,경기도 고양시덕양구 고양대로1384번길 7-24 동문상가 1층 ,경기도,고양시덕양구
601,신월4점,서울특별시 양천구 월정로 60 (신월동),서울특별시,양천구
602,신월7점,서울특별시 양천구 지양로7길 9,서울특별시,양천구
603,신정1점,"서울특별시 양천구 중앙로32길 55, 1층 101호 (신정동)",서울특별시,양천구
604,신정2점,"서울특별시 양천구 신목로2길 11, 1층 103호 (신정동,청구아파트상가)",서울특별시,양천구
605,신제주점,제주특별자치도 제주시 신대로 124(연동),제주특별자치도,제주시
606,신창부영점,광주광역시 광산구 신창로71번길 33,광주광역시,광산구
607,신창점,충청남도 아산시 신창면 서부남로 868,충청남도,아산시
608,신천은행점,경기도 시흥시 수인로3325번길 15-4,경기도,시흥시
609,신천점,대구광역시 동구 송라로12길 31,대구광역시,동구
610,신탄3점,대전광역시 대덕구 신탄진북로 32,대전광역시,대덕구
611,신태인점,전라북도 정읍시 신태인읍 신태인중앙로 7-1,전라북도,정읍시
612,신풍시장점,서울특별시 영등포구 가마산로61길 3-1,서울특별시,영등포구
613,신항점,충청남도 태안군 근흥면 신진부두길 82,충청남도,태안군
614,신현리점,경기도 광주시 오포읍 새말길 94,경기도,광주시
615,신현점,인천광역시 서구 원창로239번길 4(가정동),인천광역시,서구
616,신흥2점,경기도 성남시수정구 수정로220번길 5 (신흥동),경기도,성남시수정구
617,심곡5점,경기도 부천시원미구 부천로103번길 17,경기도,부천시원미구
618,심곡본1점,"경기도 부천시소사구 성주로 159(심곡본동,1층)",경기도,부천시소사구
619,심곡점,인천광역시 서구 심곡로 170 상가동 1층 103호,인천광역시,서구
620,십정점,인천광역시 부평구 배곶남로 18,인천광역시,부평구
621,쌍문동점,서울특별시 도봉구 해등로 189 삼익아파트상가 107호,서울특별시,도봉구
622,쌍촌시영점,광주광역시 서구 쌍촌로 37,광주광역시,서구
623,아동점,"경기도 파주시 경의로 1821, 1층101호",경기도,파주시
624,아라점,"제주특별자치도 제주시 인다12길 1 1층, 106호",제주특별자치도,제주시
625,아산풍기점,충청남도 아산시 어의정로 184,충청남도,아산시
626,아중점,전라북도 전주시덕진구 인후동1가 880-5,전라북도,전주시덕진구
627,아진천곡달천점,울산광역시 북구 달천로 103-19(달천아이파크 2차상가 100동 B109호),울산광역시,북구
628,안강점,경상북도 경주시 안강읍 비화원로 117,경상북도,경주시
629,안녕송산점,경기도 화성시 용주로 25 1층 일부호(안녕동),경기도,화성시
630,안산3점,경기도 안산시단원구 예술대학로 107 상가104호,경기도,안산시단원구
631,안산상록수점,경기도 안산시상록구 본삼로 17 1층 103호,경기도,안산시상록구
632,안산이동점,"경기도 안산시상록구 도매시장로 34-1, 102호",경기도,안산시상록구
633,안산일동점,경기도 안산시상록구 호동로 81(일동),경기도,안산시상록구
634,안산효자점,경기도 안산시단원구 선부광장서로1길 15 효자상가103호,경기도,안산시단원구
635,안서점,충청남도 천안시동남구 중암1길 17,충청남도,천안시동남구
636,안성2점,경기도 안성시 개내교1길 4,경기도,안성시
637,안양5동점,경기도 안양시만안구 현충로28번길 45,경기도,안양시만안구
638,안의점,경상남도 함양군 안의면 강변로 321,경상남도,함양군
639,안정점,경상남도 통영시 광도면 안정로 807,경상남도,통영시
640,안중점,경기도 평택시 안중읍 안현로서7길 16,경기도,평택시
641,안흥점,강원도 횡성군 안흥면 안흥로 37,강원도,횡성군
642,암사2점,"서울특별시 강동구 구천면로 337, 1층 (암사동)",서울특별시,강동구
643,암사역점,서울특별시 강동구 상암로11길 5(암사동),서울특별시,강동구
644,앙성점,충청북도 충주시 앙성면 가곡로 1033-1,충청북도,충주시
645,애월점,제주특별자치도 제주시 애월로 117,제주특별자치도,제주시
646,야탑점,"경기도 성남시분당구 야탑로139번길 18-3 (야탑동,1층)",경기도,성남시분당구
647,약대점,경기도 부천시오정구 평천로 746,경기도,부천시오정구
648,약목점,경상북도 칠곡군 약목면 약목로 94-2(2층 건물내 1층),경상북도,칠곡군
649,약수역점,서울특별시 중구 다산로28길 22 1층,서울특별시,중구
650,양곡1점,경기도 김포시 양촌읍 양곡2로60번길 53 101호,경기도,김포시
651,양덕원점,강원도 홍천군  남면 시동로 4,강원도,홍천군
652,양덕합성점,경상남도 창원시마산회원구 합성옛길97 ,경상남도,창원시마산회원구
653,양동점,경기도 양평군 양동면 양동시장길 6-5,경기도,양평군
654,양문점,경기도 포천시 영중면 양문로 98-1,경기도,포천시
655,양벌점,경기도 광주시 오포읍 양벌로 216-1,경기도,광주시
656,양성점,경기도 안성시 양성면 읍내길 26,경기도,안성시
657,양수리점,경기도 양평군 양서면 양수로150번길 9-2,경기도,양평군
658,양재점,서울특별시 서초구 남부순환로356길 33 광성빌딩 1층,서울특별시,서초구
659,양정염포점,울산광역시 북구 염포로 591-1(양정동),울산광역시,북구
660,양주백석점,경기도 양주시 백석읍 양주산성로 564-1 1층,경기도,양주시
661,양평옥천점,"경기도 양평군 옥천면 북부길9번길, 5",경기도,양평군
662,양평용문점,경기도 양평군 용문면 용문역길 7,경기도,양평군
663,양평점,경기도 양평군 양평읍 중앙로167번길 62,경기도,양평군
664,어양점,전라북도 익산시 고봉로18길 107(어양동),전라북도,익산시
665,언양점,울산광역시 울주군 언양읍 읍성로 40,울산광역시,울주군
666,엄사금암점,충청남도 계룡시 엄사면 번영2길 4-41 101호,충청남도,계룡시
667,엄정점,충청북도 충주시 엄정면 내창로 205,충청북도,충주시
668,에코점,인천광역시 남동구 앵고개로815번길 19,인천광역시,남동구
669,여월점,경기도 부천시오정구 삼작로302번길 21-3,경기도,부천시오정구
670,여의도점,"서울특별시 영등포구 여의나루로 117, 109(여의도동)",서울특별시,영등포구
671,여주점,경기도 여주시 여흥로 97,경기도,여주시
672,역곡1점,경기도 부천시원미구 역곡로 61 (역곡동),경기도,부천시원미구
673,연남동점,서울특별시 마포구 연남로 41(연남동),서울특별시,마포구
674,연동점,제주특별자치도 제주시 연동1길 10,제주특별자치도,제주시
675,연무대점,충청남도 논산시 연무읍 안심로 127,충청남도,논산시
676,연봉점,강원도 홍천군  홍천읍 무궁화로 88,강원도,홍천군
677,연성점,"경기도 시흥시 인선길 100, 107호(장곡동, 연성프라자)",경기도,시흥시
678,연수3점,"인천광역시 연수구 함박뫼로 100, 107호",인천광역시,연수구
679,연수5점,"인천광역시 연수구 먼우금로 126, 107호(동춘동, 대림현대)",인천광역시,연수구
680,연수6점,"인천광역시 연수구 샘말로 106-7(연수동, 1층 일부)",인천광역시,연수구
681,연수동점,충청북도 충주시 연원로 28(연수동),충청북도,충주시
682,연수주공점,"인천광역시 연수구 원인재로 315, 103호",인천광역시,연수구
683,연지점,경기도 안성시 혜산로 14-1,경기도,안성시
684,연천점,경기도 연천군 연천읍 연천로 262,경기도,연천군
685,연풍점,경기도 파주시 파주읍 술이홀로 449,경기도,파주시
686,연풍점(충북),충청북도 괴산군 연풍면 향교로 28,충청북도,괴산군
687,염창동점,서울특별시 강서구 공항대로65길 51. 1층(염창동),서울특별시,강서구
688,영광점,전라남도 영광군 영광읍 백산길 10-1,전라남도,영광군
689,영덕점,경상북도 영덕군 영덕읍 중앙길 120-3,경상북도,영덕군
690,영동아파트점,"서울특별시 강남구 역삼로64길 11, 1층(대치동)",서울특별시,강남구
691,영동점,충청북도 영동군 구교로 46,충청북도,영동군
692,영등포점,"서울특별시 영등포구 양산로 137, 1층(당산동3가)",서울특별시,영등포구
693,영산점,경상남도 창녕군 영산면 서리상촌길321,경상남도,창녕군
694,영오점,경상남도 고성군 영오면 영회로 514,경상남도,고성군
695,영운동점,충청북도 청주시상당구 영운로 34-1(영운동),충청북도,청주시상당구
696,영월삼호점,"강원도 영월군 영월읍 단종로 88, 102호 삼호상가",강원도,영월군
697,영월점,강원도 영월군 영월읍 은행나무길 19,강원도,영월군
698,영주지사, ,,
699,영주풍기점,경상북도 영주시 풍기읍 풍기로 49-1,경상북도,영주시
700,영천시장점,서울특별시 서대문구 통일로 175,서울특별시,서대문구
701,영통2점,경기도 수원시영통구 영통로 498 상가동 106호,경기도,수원시영통구
702,예산1점,충청남도 예산군 예산읍 천변로 179,충청남도,예산군
703,예산2점,충청남도 예산군 예산읍 역전로 70,충청남도,예산군
704,예천점,경상북도 예천군 예천읍 남본리 222-2,경상북도,예천군
705,오류1점,서울특별시 구로구 고척로1길 5 (오류동),서울특별시,구로구
706,오목천점,경기도 수원시권선구 삼천병마로 1592번길 3(오목천동),경기도,수원시권선구
707,오산1점,경기도 오산시 오산로 190번 24,경기도,오산시
708,오산2점,경기도 오산시 오산로 226번길 18(원동),경기도,오산시
709,오성점,경기도 평택시 오성면 숙성시장길 36,경기도,평택시
710,오정점,"경기도 부천시오정구 오정로 244번 45, (오정동,1층)",경기도,부천시오정구
711,오천원동점,경상북도 포항시남구 오천읍 냉천로302번길 51,경상북도,포항시남구
712,오포점,경기도 광주시 오포읍 오포로 886-1,경기도,광주시
713,오학점,"경기도 여주시 현암2길  28-11, 1층8호(현암동, 삼진아파트)",경기도,여주시
714,옥계점(대전),대전광역시 중구 대종로 59(옥계동),대전광역시,중구
715,옥산점,경상북도 경산시 성암로 10길 2-12(옥산동),경상북도,경산시
716,옥수동점,"서울특별시 성동구 독서당로39길 48, 1층 (옥수동)",서울특별시,성동구
717,옥정점,"경기도 양주시 옥정동로5다길 12, 1층(옥정동)",경기도,양주시
718,옥천점(충북),충청북도 옥천군 옥천읍 금장로 53,충청북도,옥천군
719,옥포1점,"경상남도 거제시 옥포로 282, 104동지하층101호",경상남도,거제시
720,온수리점,인천광역시 강화군 길상면 강화동로 8-1,인천광역시,강화군
721,온양1점,충청남도 아산시 충무로 20번길 20,충청남도,아산시
722,와룡점,대구광역시 달서구 이곡동로 32,대구광역시,달서구
723,와수리점,강원도 철원군  서면 와수로 168-1,강원도,철원군
724,왕십리점,서울특별시 성동구 무학봉15길 23,서울특별시,성동구
725,왜관점,경상북도 칠곡군 왜관읍 구상길 180-1 삼성A104,경상북도,칠곡군
726,외동점,경상남도 김해시 함박로48 ,경상남도,김해시
727,용강점,경상북도 경주시 승삼1길 6-10,경상북도,경주시
728,용곡점,충청남도 천안시동남구 풍세로 769-28,충청남도,천안시동남구
729,용담점,"제주특별자치도 제주시 욤담로 94, 1층",제주특별자치도,제주시
730,용산점,"충청북도 충주시 금붕9길 3, 106호(용산동)",충청북도,충주시
731,용상점,경상북도 안동시 용상동 1242,경상북도,안동시
732,용연점,충청남도 아산시 배방읍 용연로 36,충청남도,아산시
733,용운점,대전광역시 동구 용운로 144,대전광역시,동구
734,용원점,경상남도 창원시진해구 용재로29번길 5-17,경상남도,창원시진해구
735,용인구성점,경기도 용인시기흥구 구성로 176(언남동),경기도,용인시기흥구
736,용인시청점,경기도 용인시처인구 중부대로 1142-1,경기도,용인시처인구
737,용전점,대전광역시 대덕구 홍도로 114번길 1,대전광역시,대덕구
738,용현1호점,인천광역시 미추홀구 인주대로174번길 36,인천광역시,미추홀구
739,용현2호점,인천광역시 미추홀구 낙섬중로 11(용현동),인천광역시,미추홀구
740,용현점,"경기도 의정부시 충의로57번길 7-3(용현동, 1층)",경기도,의정부시
741,용호점,"부산광역시 남구 용호로42번길 104(용호동,1층)",부산광역시,남구
742,용화점,충청남도 아산시 시민로258번길 3-21,충청남도,아산시
743,우만.지동점,경기도 수원시팔달구 창룡대로150번 55(우만동),경기도,수원시팔달구
744,우성점,충청남도 천안시서북구 직산읍 자은가리1길 68,충청남도,천안시서북구
745,우암점,충청북도 청주시청원구 향군로 20(우암동),충청북도,청주시청원구
746,우천점,강원도 횡성군 우천면 수남로 333,강원도,횡성군
747,우현점,경상북도 포항시북구 아치로 39-7,경상북도,포항시북구
748,운남삼성점,광주광역시 광산구 임방울대로 142-12,광주광역시,광산구
749,운정1점,"경기도 파주시 미래로 603, 상가동 203호(목동동)",경기도,파주시
750,운정2점,"경기도 파주시 동패로 115, 상가동 122호",경기도,파주시
751,운천점,경기도 포천시 영북면 운천로 10,경기도,포천시
752,울산신정1점,울산광역시 남구 봉월로164번길 4,울산광역시,남구
753,원곡동점,"경기도 안산시단원구 원선로 55, 104호(원곡동)",경기도,안산시단원구
754,원당지구점,"인천광역시 서구 원당대로 866, 103호",인천광역시,서구
755,원동일산점,"강원도 원주시 무실로 96, 1층 (일산동)",강원도,원주시
756,원미1점,"경기도 부천시원미구 원미로 89-1, 1층(원미동)",경기도,부천시원미구
757,원북점,충청남도 태안군 원북면 원이로 837,충청남도,태안군
758,원앙마을점,충청남도 천안시동남구 목천읍 삼성5길 46,충청남도,천안시동남구
759,원종3점,경기도 부천시오정구 원종로 7,경기도,부천시오정구
760,원주지사,테스트 테스트구 테스트점 23-123,테스트,테스트구
761,원천점,경기도 수원시영통구 동탄원천로1109번길 42,경기도,수원시영통구
762,원통점,강원도 인제군  북면 금강로 46,강원도,인제군
763,월계동점,서울특별시 노원구 광운로2나길 11,서울특별시,노원구
764,월계삼호점,서울특별시 노원구 마들로 127 삼호4차 상가,서울특별시,노원구
765,월곡2점,서울특별시 성북구 월곡로 112,서울특별시,성북구
766,월봉점,충청남도 천안시서북구 월봉로 79,충청남도,천안시서북구
767,월피주공점,"경기도 안산시상록구 예술광장1로 7, 주공상가 107호",경기도,안산시상록구
768,위미점,제주특별자치도 서귀포시 남원읍 위미중앙로 204,제주특별자치도,서귀포시
769,유구점,충청남도 공주시 유구읍 중앙1길 88,충청남도,공주시
770,유성1점,대전광역시 유성구 게룡로60번길 60-2,대전광역시,유성구
771,유성2점,대전광역시 유성구 유성대로 745,대전광역시,유성구
772,유천2점,대전광역시 중구 계백로 1626-1,대전광역시,중구
773,유천점,대전광역시 중구 문화로 71-1,대전광역시,중구
774,율도점,인천광역시 서구 새오개로 75,인천광역시,서구
775,율량점,충청북도 청주시청원구 공항로 114,충청북도,청주시청원구
776,율암온천점,경기도 화성시 팔탄면 온천로 454,경기도,화성시
777,율하점,대구광역시 동구 율하동로12길 12(율하동),대구광역시,동구
778,으뜸점,광주광역시 서구 상무공원로 112 해광한신아파트상가 113호,광주광역시,서구
779,은빛점,경기도 고양시덕양구 화중로130번길 5-19,경기도,고양시덕양구
780,은행나무점,서울특별시 금천구 탑골로 17,서울특별시,금천구
781,은행점,경기도 성남시중원구 산성대로582번 14. 1층(은행동),경기도,성남시중원구
782,은행택지점,"경기도 시흥시 은행로 107, 상가1동 1202호",경기도,시흥시
783,음봉점,충청남도 아산시 음봉면 산동안길 10,충청남도,아산시
784,음성점,충청북도 음성군 음성읍 시장로 95,충청북도,음성군
785,응암1점,서울특별시 은평구 응암로 247(응암동),서울특별시,은평구
786,의당.신한점,충청남도 공주시 의당면 연수원길 115-2 102호,충청남도,공주시
787,의정부지사, ,,
788,이대점,"서울특별시 마포구 숭문16길 6, 1층(염리동)",서울특별시,마포구
789,이도점,"제주특별자치도 제주시 도남로15길 4-12, 101호(도남동)",제주특별자치도,제주시
790,이동점,경기도 포천시 이동면 화동로 2105,경기도,포천시
791,이매점,경기도 성남시분당구 이매로 54 이매촌분산상가 101호,경기도,성남시분당구
792,이수점,충청남도 천안시서북구 한들1로 58,충청남도,천안시서북구
793,이원점,충청북도 옥천군 이원면 신흥1길 5,충청북도,옥천군
794,이월점,충청북도 진천군 이월면 진광로 789-1,충청북도,진천군
795,이주단지점,충청남도 당진시 송악읍 신복운로6길 7(1층),충청남도,당진시
796,이천중앙점,경기도 이천시 서희로 37(중리동),경기도,이천시
797,이천현대점,경기도 이천시 부발읍 경충대로2110번길 14,경기도,이천시
798,이포점,경기도 여주시 금사면 이포로 60,경기도,여주시
799,이화동점,서울특별시 종로구 대학로 52(연건동),서울특별시,종로구
800,인계점,"경기도 수원시팔달구 권광로 317번 12, 상가동 지하1층6,7호",경기도,수원시팔달구
801,인덕원점,"경기도 안양시동안구 흥안대로517번 49, 1층(관양동)",경기도,안양시동안구
802,인동점(대전),대전광역시 동구 충무로 229,대전광역시,동구
803,인월점,전라북도 남원시 인월면 인월장터로 9-1,전라북도,남원시
804,인제점,강원도 인제군  인제읍 비봉로 3,강원도,인제군
805,인제현리점,강원도 인제군  기린면 기린로 19,강원도,인제군
806,인창점,"경기도 구리시 건원대로99번길 49, 1층(인창동)",경기도,구리시
807,인천남부점,"인천광역시 남동구 성리로35번길 20-1(구월동, 1층)",인천광역시,남동구
808,인천남촌점,인천광역시 남동구 남촌동로 52-1,인천광역시,남동구
809,인천지사, ,,
810,일도점,제주특별자치도 제주시 천수로 25-1,제주특별자치도,제주시
811,일동점,경기도 포천시 일동면 화동로 1073,경기도,포천시
812,일신점,인천광역시 부평구 일신로 11,인천광역시,부평구
813,임계점,강원도 정선군  임계면 송계5길 5,강원도,정선군
814,임광점,경기도 수원시영통구 권선로 792 (매탄동),경기도,수원시영통구
815,임은점,경상북도 구미시 임은길 50,경상북도,구미시
816,입암동점,강원도 강릉시 성덕포남로 89-10,강원도,강릉시
817,자양1점,"서울특별시 광진구 자양로13다길 47(자양동, 1층)",서울특별시,광진구
818,자양3점,서울특별시 광진구 뚝섬로 693,서울특별시,광진구
819,자양점,대전광역시 동구 동대전로 228,대전광역시,동구
820,자유점,강원도 원주시 자유시장길 7,강원도,원주시
821,작전1점,"인천광역시 계양구 주부토로 468(작전동, 상가동1층6호)",인천광역시,계양구
822,작전현대점,인천광역시 계양구 효서로 377,인천광역시,계양구
823,잠실새마을점,"서울특별시 송파구 백제고분로7길 39, 1층 106호(잠실동,고려빌딩)",서울특별시,송파구
824,장계점,전라북도 장수군 장계면 한들로 81,전라북도,장수군
825,장기1점,"경기도 김포시 초당로61번길 21, 103호",경기도,김포시
826,장기월드점,"경기도 김포시 전원로 32, 116호(장기동, 월드상가)",경기도,김포시
827,장락고암점,충청북도 제천시 신죽하로 83-24(장락동),충청북도,제천시
828,장량점,경상북도 포항시북구 장량로87번길 6-15,경상북도,포항시북구
829,장림점,부산광역시 사하구 장림시장4길 63,부산광역시,사하구
830,장미점,서울특별시 송파구 올림픽로35길 104,서울특별시,송파구
831,장성점,강원도 태백시 장성시장1길 3(장성동),강원도,태백시
832,장수점,경상북도 영주시 장수면 장수로 48,경상북도,영주시
833,장암주공점,경기도 의정부시 회룡로 223 (장암주공5단지아파트),경기도,의정부시
834,장양리점,강원도 원주시 소초면 장막1길 7,강원도,원주시
835,장위동점,서울특별시 성북구 장월로 90,서울특별시,성북구
836,장유점,경상남도 김해시 장유로312 ,경상남도,김해시
837,장평점,경상남도 거제시 장평3로4길 24,경상남도,거제시
838,장항점,충청남도 서천군 장항읍 장항로 125-1,충청남도,서천군
839,장현점,경기도 남양주시 진접읍 봉현로36번길 12,경기도,남양주시
840,장호원점,경기도 이천시 장호원읍 샘재로147번길 26,경기도,이천시
841,장흥관산점,전라남도 장흥군 관산읍 관산로 119-1,전라남도,장흥군
842,장흥점,전라남도 장흥군 장흥읍 동교3길 8,전라남도,장흥군
843,전곡터미널점,경기도 연천군 전곡읍 온골로 56,경기도,연천군
844,전남금산점,전라남도 고흥군 금산면 상하촌길 24-1,전라남도,고흥군
845,전대리점,경기도 용인시처인구 포곡읍 전대로78번길 3-1,경기도,용인시처인구
846,전대점,광주광역시 북구 서양로 46,광주광역시,북구
847,전민점,"대전광역시 유성구 전민로10번길 49(전민동, 1층)",대전광역시,유성구
848,전북지사, ,,
849,전하점,울산광역시 동구 전하로 29 (전하동),울산광역시,동구
850,점동점,경기도 여주시 점동면 청안로 136,경기도,여주시
851,정관점,부산광역시 기장군 정관읍모전3길 37,부산광역시,기장군
852,정남점,경기도 화성시 정남면 괘량리 1048-3,경기도,화성시
853,정릉점,서울특별시 성북구 북악산로 858,서울특별시,성북구
854,정릉행복점,서울특별시 성북구 솔샘로6길 60,서울특별시,성북구
855,정림점,대전광역시 서구 정림로10번길 15-24,대전광역시,서구
856,정산점,충청남도 청양군 정산면 정현길 65,충청남도,청양군
857,정선점,강원도 정선군 정선읍 정선로 1352,강원도,정선군
858,정자점,"경기도 성남시분당구 황새울로116번 28, 1층(정자동)",경기도,성남시분당구
859,정자점(수원),경기도 수원시장안구 장안로 183,경기도,수원시장안구
860,제물포점,인천광역시 미추홀구 장천로112번길 10 1층,인천광역시,미추홀구
861,제부도점,경기도 화성시 서신면 해안길 246-1,경기도,화성시
862,제주동문점,제주특별자치도 제주시 동문로 35-1(일도일동),제주특별자치도,제주시
863,제주지사, ,,
864,제천역전점,충청북도 제천시 내토로 435-1,충청북도,제천시
865,조암점,경기도 화성시 우정읍 조암서로22번길 21,경기도,화성시
866,조양동점,강원도 속초시 동해대로 3998(조양동),강원도,속초시
867,조원점,경기도 수원시장안구 송정로187번길 49,경기도,수원시장안구
868,조천점,제주특별자치도 제주시 조천읍 조함해안로 10,제주특별자치도,제주시
869,조치원2점,"세종특별자치시  조치원읍 새내로 65-1, 1층",세종특별자치시,조치원읍
870,조치원3점,세종특별자치시  조치원읍 충현로 159 욱일@상가B07호,세종특별자치시,조치원읍
871,종로낙원점,서울특별시 종로구 삼일대로 434-1,서울특별시,종로구
872,주공1점,경기도 평택시 평택2로 108 (비전동),경기도,평택시
873,주덕점,충청북도 충주시 주덕읍 신양로 109,충청북도,충주시
874,주문진점,강원도 강릉시  주문진읍 주문로 117,강원도,강릉시
875,주안2동점,인천광역시 미추홀구 경인로 326번 49,인천광역시,미추홀구
876,주안점,인천광역시 미추홀구 염창로 84-3,인천광역시,미추홀구
877,주원점,인천광역시 미추홀구 경인로504번길 6-4,인천광역시,미추홀구
878,주천점,"강원도 영월군 주천면 주천로 88-1, 2층",강원도,영월군
879,주촌점,경상남도 김해시 주촌면 주선로76,경상남도,김해시
880,죽림점,"경상남도 통영시 광도면 죽림1로 17-37, 102호(용문빌딩1층)",경상남도,통영시
881,죽변점,경상북도 울진군 죽변면 죽변북로 59,경상북도,울진군
882,죽산점,경기도 안성시 죽산면 중서길 1,경기도,안성시
883,죽전점,"경기도 용인시수지구 대지로 62, 104(죽전동)",경기도,용인시수지구
884,중곡1점,"서울특별시 광진구 용마산로7길 20(중곡동, 1층)",서울특별시,광진구
885,중곡2점,서울특별시 광진구 면목로 184 (중곡동),서울특별시,광진구
886,중동1점,경기도 부천시원미구 부일로 340,경기도,부천시원미구
887,중동동성점,"경기도 부천시원미구 조마루로 233, 상가동1층121호(중동, 미리내마을)",경기도,부천시원미구
888,중리점,대구광역시 서구 국채보상로38길 57-1,대구광역시,서구
889,중리점(대전),대전광역시 대덕구 중리남로 20,대전광역시,대덕구
890,중마점,전라남도 광양시 광장로 112-11,전라남도,광양시
891,중문점,제주특별자치도 서귀포시 천제연로185번길 3-1,제주특별자치도,서귀포시
892,중산점,경기도 고양시일산동구 탄중로 416 상가 109,경기도,고양시일산동구
893,중화산동점,"전라북도 전주시완산구 따박골2길 3(중화산동2가, 1층)",전라북도,전주시완산구
894,중흥리점,충청남도 당진시 송악읍 송악로 685,충청남도,당진시
895,중흥설악점,경기도 부천시원미구 계남로 196 주공상가 2층,경기도,부천시원미구
896,증산동점,서울특별시 은평구 증산서길 152(증산동),서울특별시,은평구
897,증평점,충청북도 증평군 증평읍 중앙로173,충청북도,증평군
898,지경리점,강원도 철원군 김화읍 청양로84,강원도,철원군
899,지곡점,충청남도 서산시 지곡면 충의로 762-78,충청남도,서산시
900,지리산온천점,전라남도 구례군 산동면 하관1길 26,전라남도,구례군
901,지사점,부산광역시 강서구 과학산단로334번나길 27,부산광역시,강서구
902,지원점,광주광역시 동구 남문로 592,광주광역시,동구
903,지평점,경기도 양평군 지평면 지평의병로 96,경기도,양평군
904,직산부영점,충청남도 천안시서북구 직산읍 군수1길 10 부영아파트상가 107호,충청남도,천안시서북구
905,직산점,충청남도 천안시서북구 직산읍 봉주로 23,충청남도,천안시서북구
906,진달래점,서울특별시 강남구 언주로 313,서울특별시,강남구
907,진도점,전라남도 진도군 진도읍 옥주길 22,전라남도,진도군
908,진량점,경상북도 경산시 진량읍 황제1길 86-25 창신황제상가 203호 ,경상북도,경산시
909,진보점,경상북도 청송군 진보면 진안리 384-4,경상북도,청송군
910,진부점,강원도 평창군  진부면 진부중앙로 70,강원도,평창군
911,진우점,"강원도 원주시 현충로 272, 101호(태장동)",강원도,원주시
912,진월점,광주광역시 남구 서문대로749번길 1,광주광역시,남구
913,진잠점,대전광역시 유성구 진잠로66번길 46,대전광역시,유성구
914,진주대곡점,경상남도 진주시 대곡면 진의로1079번길13,경상남도,진주시
915,진천대곡점,대구광역시 달서구 상화로21길 49,대구광역시,달서구
916,진천점,"충청북도 진천군 진천읍 문화로 237-18, 101호",충청북도,진천군
917,진하점,울산광역시 울주군 서생면 깨목길 28,울산광역시,울주군
918,참이슬점,경기도 평택시 참이슬길 16,경기도,평택시
919,창녕점,경상남도 창녕군 창녕읍 명덕로 48,경상남도,창녕군
920,창동역점,서울특별시 도봉구 노해로63다길 6 1층 103호,서울특별시,도봉구
921,창신동점,"서울특별시 종로구 지봉로5길 12, 1층(창신동)",서울특별시,종로구
922,창현점,경기도 남양주시 화도읍 수레로 1234-26,경기도,남양주시
923,천리점,경기도 용인시처인구 이동면 백옥대로 623,경기도,용인시처인구
924,천마점,경기도 남양주시 화도읍 멋갓로28번길 39-2,경기도,남양주시
925,천북점,충청남도 보령시 천북면 하궁길 2,충청남도,보령시
926,천안3점,충청남도 천안시동남구 봉정로 18,충청남도,천안시동남구
927,천안4점,충청남도 천안시동남구 중앙로 67,충청남도,천안시동남구
928,천안7단지점,충청남도 천안시서북구 쌍용11길 57,충청남도,천안시서북구
929,천안백석점,충청남도 천안시서북구 백석5길 23-1,충청남도,천안시서북구
930,천안신당점,충청남도 천안시서북구 천안대로 1229,충청남도,천안시서북구
931,천안신방점,충청남도 천안시동남구 서부대로  257-8,충청남도,천안시동남구
932,천안청룡점,충청남도 천안시동남구 구성2길 1(구성동),충청남도,천안시동남구
933,천왕점,서울특별시 구로구 천왕로 56 천왕이펜하우스3단지 상가 1층 102호,서울특별시,구로구
934,천천2점,경기도 수원시장안구 화산로 57 꽃뫼버들마을진흥아파트,경기도,수원시장안구
935,천호점,"서울특별시 강동구 천중로18길 53, 1층 (천호동)",서울특별시,강동구
936,철산2점,경기도 광명시 시청로 75-1,경기도,광명시
937,철산3점,"경기도 광명시 도덕공원로 21-1. 비02호(철산동,힐타운상가)",경기도,광명시
938,첨단점,광주광역시 광산구 산월로 64,광주광역시,광산구
939,청당점,충청남도 천안시동남구 청수10길 12,충청남도,천안시동남구
940,청도점,경상북도 청도군 청도읍 청화로 202-2,경상북도,청도군
941,청라2점,"인천광역시 서구 청라루비로144번길 6-6, 103호(경서동)",인천광역시,서구
942,청라점,충청남도 보령시 청라면 당안길1,충청남도,보령시
943,청량리점,"서울특별시 동대문구 왕산로 247, 1층(청량리동)",서울특별시,동대문구
944,청룡동점,서울특별시 관악구 청룡길 20,서울특별시,관악구
945,청림점,경상북도 포항시남구 청림서길 29,경상북도,포항시남구
946,청북신도시점,경기도 평택시 청북면 안청로 312-23,경기도,평택시
947,청북점,경기도 평택시 청북면 현곡2길 3,경기도,평택시
948,청양점,충청남도 청양군 청양읍 중앙로 112-1,충청남도,청양군
949,청일점,강원도 횡성군 청일면 유동로 18,강원도,횡성군
950,청주용암점,충청북도 청주시상당구 무농정로3번길 36(용암동),충청북도,청주시상당구
951,청천2점,인천광역시 부평구 청중로 65,인천광역시,부평구
952,청풍점,"충청북도 제천시 청풍면 청풍호로58길, 10-16",충청북도,제천시
953,초가점,"경기도 포천시 소흘읍 검바위길 84, 상가동 1층 112호(상운아파트)",경기도,포천시
954,초계점,경상남도 합천군 초계면 초계2길 12-7,경상남도,합천군
955,초원점,충청남도 아산시 고불로 669,충청남도,아산시
956,초월점,경기도 광주시 초월읍 경춘대로 1043,경기도,광주시
957,초지1점,"경기도 안산시단원구 초지2로 67-7, 한양타워 114호",경기도,안산시단원구
958,총신대점,서울특별시 동작구 사당로 168,서울특별시,동작구
959,추풍령점,충청북도 영동군 추풍령면 신안로 52-1,충청북도,영동군
960,축산점,경상북도 영덕군 축산면 축산리 86-18,경상북도,영덕군
961,춘천명동점,강원도 춘천시 금강로 76(조양동),강원도,춘천시
962,춘천터미널점,강원도 춘천시 공지로 458(근화동),강원도,춘천시
963,춘천팔호광장점,강원도 춘천시 효자로 154(효자동),강원도,춘천시
964,충남덕산점,충청남도 예산군 덕산면 봉운로 31-1,충청남도,예산군
965,충청지사, ,,
966,충효점,경상북도 경주시 충효중앙길 65(충효동),경상북도,경주시
967,칠곡2점,대구광역시 북구 태암로18길 27,대구광역시,북구
968,칠금점,"충청북도 충주시 금릉로 45, 109(칠금동, 현대아파트상가동)",충청북도,충주시
969,칠보점,경기도 수원시권선구 매실로 57 1층 108호(호매실동),경기도,수원시권선구
970,칠성점,대구광역시 북구 칠성로15길 8,대구광역시,북구
971,침산점,대구광역시 북구 침산남로7길 50-10,대구광역시,북구
972,탄방점,대전광역시 서구 탄방로 25,대전광역시,서구
973,탄현점,경기도 고양시일산서구 탄현로 74,경기도,고양시일산서구
974,탕정점,충청남도 아산시 탕정면 탕정면로 230-13,충청남도,아산시
975,태백점,강원도 태백시 먹거리길 66,강원도,태백시
976,태백주공점,강원도 태백시 감천로 28(황지동),강원도,태백시
977,태안점,충청남도 태안군 태안읍 시장2길 42,충청남도,태안군
978,태장점,강원도 원주시 북원로 2696(태장동),강원도,원주시
979,태전동점,경기도 광주시 태봉로 31-3 105호(태전동),경기도,광주시
980,태전점,대구광역시 북구 칠곡중앙대로북53길 17,대구광역시,북구
981,"태평2,4동점","경기도 성남시수정구 남문로102번길 1(태평동, 1층)",경기도,성남시수정구
982,태평2점,대전광역시 중구 동서대로 1238,대전광역시,중구
983,태평상가점,인천광역시 계양구 용종로 14,인천광역시,계양구
984,테크노밸리점,충청남도 서산시 성연면 일람리 1123,충청남도,서산시
985,테크노점,"충청북도 청주시흥덕구 송화로166번길 7-9, 1층 102호",충청북도,청주시흥덕구
986,테크노점(대구),대구광역시 달성군 유가면 테크노상업로 98,대구광역시,달성군
987,테크노점(아산),충청남도 아산시 둔포면 아산밸리로 298,충청남도,아산시
988,토곡점,부산광역시 연제구 과정로265번길 78,부산광역시,연제구
989,통영1점,"경상남도 통영시 중앙로 255 106호(북신동,동우상가)",경상남도,통영시
990,통영2점,경상남도 통영시 도천상가안길 60 영생상가나동111호,경상남도,통영시
991,퇴계동점,"강원도 춘천시 행촌로32번길 5-6, 1층(퇴계동)",강원도,춘천시
992,퇴계원점(남양주),"경기도 남양주시 퇴계원면 경춘북로520번길 4, 1층2호",경기도,남양주시
993,퇴계주공점,강원도 춘천시 지석로 74-11 A13(퇴계동),강원도,춘천시
994,퇴촌점,경기도 광주시 퇴촌면 광동로 97,경기도,광주시
995,파동점,대구광역시 수성구 파동로 99,대구광역시,수성구
996,파인힐(공단점),경기도 시흥시 마유로 226 120호,경기도,시흥시
997,파장2점,"경기도 수원시장안구 파장천로44번길 88, 1층(파장동)",경기도,수원시장안구
998,파장점,경기도 수원시장안구 파장로 79,경기도,수원시장안구
999,판암2점,대전광역시 동구 동부로  55-28 6단지상가 101,대전광역시,동구
1000,팽성점,경기도 평택시 팽성읍 안정쇼핑로 77-2,경기도,평택시
1001,평내점,경기도 남양주시 경춘로 1302,경기도,남양주시
1002,평리점,대구광역시 서구 서대구로41길 7,대구광역시,서구
1003,평원점,강원도 원주시 평원로 67(평원동),강원도,원주시
1004,평촌3점,경기도 안양시동안구 관평로 227 한가람상가 103호,경기도,안양시동안구
1005,평촌5점,"경기도 안양시동안구 동안로 2.109(호계동,무궁화진흥아파트상가)",경기도,안양시동안구
1006,평택1점,"경기도 평택시 중앙로 19(통복동, 2층)",경기도,평택시
1007,평택법원점,경기도 평택시 평남로 1056 1층,경기도,평택시
1008,평택지산점,경기도 평택시 지산로 82,경기도,평택시
1009,포남동점,강원도 강릉시  강릉대로527번 15(포남동),강원도,강릉시
1010,포남로얄점,강원도 강릉시  경강로 2265(포남동),강원도,강릉시
1011,포도원점,경기도 안양시동안구 포도원로 6,경기도,안양시동안구
1012,포승점,경기도 평택시 포승읍 서동대로 1155,경기도,평택시
1013,포천점,경기도 포천시 중앙로 184,경기도,포천시
1014,포항이동점,경상북도 포항시남구 포스코대로 146,경상북도,포항시남구
1015,포항장성점,경상북도 포항시북구 성실로 24-1,경상북도,포항시북구
1016,포항터미널점,경상북도 포항시남구 중섬로 25(대잠동),경상북도,포항시남구
1017,풍납점,서울특별시 송파구 풍성로 24(풍납동),서울특별시,송파구
1018,풍동식사점,"경기도 고양시일산동구 숲속마을2로 100, 1층101호(풍동)",경기도,고양시일산동구
1019,풍무2점,"경기도 김포시 풍무로 51, 101호(풍무동)",경기도,김포시
1020,풍산마실점,"경기도 하남시 미사강변한강로334번안길 13, 1층 (망월동)",경기도,하남시
1021,하남신도시점,경기도 하남시 천현로 73,경기도,하남시
1022,하늘도시점,"인천광역시 중구 하늘별빛로65번길 13, 101호",인천광역시,중구
1023,하당동아점,전라남도 목포시 신흥로45번길 9,전라남도,목포시
1024,하당부영점,전라남도 목포시 삼향천로91번길 26,전라남도,목포시
1025,하대원점,"경기도 성남시중원구 마지로155번길 25-7(하대원동,1층)",경기도,성남시중원구
1026,하동점,경상남도 하동군 하동읍 중앙2길12,경상남도,하동군
1027,하북점,경기도 평택시 진위면 하북4길 3,경기도,평택시
1028,하성점,경기도 김포시 하성면 애기봉로806번길 67,경기도,김포시
1029,하소동점,충청북도 제천시 용두대로21길 9(하소동),충청북도,제천시
1030,하안1점,"경기도 광명시 안현로 19(하안동, 단지상가 111호)",경기도,광명시
1031,하안5점,경기도 광명시 가림로 38,경기도,광명시
1032,하안7점,경기도 광명시 금당로 11-24,경기도,광명시
1033,하안9점,경기도 광명시 안현로 51,경기도,광명시
1034,하양점,경상북도 경산시 하양읍 하양로59-1,경상북도,경산시
1035,학다리점,강원도 홍천군  홍천읍 꽃뫼로 120,강원도,홍천군
1036,학성점,강원도 원주시 천사로 164(일산동),강원도,원주시
1037,학익점,인천광역시 미추홀구 한나루로 425  1층,인천광역시,미추홀구
1038,학장점,부산광역시 사상구 학감대로 129,부산광역시,사상구
1039,한대역점,"경기도 안산시상록구 용신로 246, 101호",경기도,안산시상록구
1040,한림점,제주특별자치도 제주시 한림중앙로 3-1,제주특별자치도,제주시
1041,한솔새롬점,세종특별자치시  새롬북로 13,세종특별자치시,새롬북로
1042,한신점,인천광역시 서구 서곶로 12 한신종합상가 208호,인천광역시,서구
1043,한아름점,경기도 부천시원미구 부흥로 100,경기도,부천시원미구
1044,한주점,경기도 의정부시 평화로322번길 18(호원동),경기도,의정부시
1045,함백점,강원도 정선군  신동읍 함백로 319,강원도,정선군
1046,함양점,경상남도 함양군 함양읍 용평길 5,경상남도,함양군
1047,함평점,전라남도 함평군 함평읍 광남길 83,전라남도,함평군
1048,합덕점,충청남도 당진시 합덕읍 합덕시장로 176,충청남도,당진시
1049,합정동점,서울특별시 마포구 포은로 52(합정동),서울특별시,마포구
1050,해남점,전라남도 해남군 해남읍 중앙1로 98,전라남도,해남군
1051,해미점,충청남도 서산시 해미면 남문5로 4,충청남도,서산시
1052,해방촌점,서울특별시 용산구 소월로20길 28-1,서울특별시,용산구
1053,해운대점,부산광역시 해운대구 구남로18번길 24 해운대비치오피스텔 101,부산광역시,해운대구
1054,해운대좌동주공2,부산광역시 해운대구 좌동순환로 118 주공2단지 분산상가 나-105,부산광역시,해운대구
1055,행당동점,"서울특별시 성동구 행당로 119 (행당동,1층)",서울특별시,성동구
1056,향남점,경기도 화성시 향남읍 향남로 430-16,경기도,화성시
1057,혁신점,"강원도 원주시 건강로 17-3, 101호(반곡동 치악프라자)",강원도,원주시
1058,혁신점(충북),"충청북도 진천군 덕산읍 시가로 46,  113호",충청북도,진천군
1059,현대점(수원),경기도 수원시권선구 세지로82번길 37(권선동),경기도,수원시권선구
1060,현리점,"경기도 가평군 조종면 현창로 50, 1층",경기도,가평군
1061,호계매곡점,울산광역시 북구 동대17길 9,울산광역시,북구
1062,호계사거리점,경기도 안양시동안구 경수대로507번길 13,경기도,안양시동안구
1063,호성점,전라북도 전주시덕진구 호성2길 9 ,전라북도,전주시덕진구
1064,호원점,경기도 의정부시 신흥로 119번길 54,경기도,의정부시
1065,홍도점,대전광역시 동구 한남로7번길 89,대전광역시,동구
1066,홍성2점,충청남도 홍성군 홍성읍 조양로 190,충청남도,홍성군
1067,홍성주공점,충청남도 홍성군 홍성읍 문화로72번길 92,충청남도,홍성군
1068,홍은1점,서울특별시 서대문구 홍은중앙로 110-2(홍은동),서울특별시,서대문구
1069,홍은동점,서울특별시 서대문구 모래내로 364(홍은동),서울특별시,서대문구
1070,홍익대점,"서울특별시 마포구 독막로22길 21, 1층101호(창전동)",서울특별시,마포구
1071,홍익점,경기도 안성시 금광면 종합운동장로 132,경기도,안성시
1072,화곡1점,"서울특별시 강서구 월정로28길 24(화곡동, 1층)",서울특별시,강서구
1073,화명점,부산광역시 북구 산성로12번길 74,부산광역시,북구
1074,화봉.연암점,울산광역시 북구 송내1길 18(화봉동),울산광역시,북구
1075,화서점,경기도 수원시팔달구 팔달로127번길 16-4(화서동),경기도,수원시팔달구
1076,화성마도점,경기도 화성시 마도면 석교로 171,경기도,화성시
1077,화성시청점,경기도 화성시 남양읍 역골로 3-20 ,경기도,화성시
1078,화순점,전라남도 화순군 화순읍 광덕로 142,전라남도,화순군
1079,화양동점,"서울특별시 광진구 능동로13길 70(화양동, 1층)",서울특별시,광진구
1080,화원점,"대구광역시 달성군 화원읍 화원로2길, 27",대구광역시,달성군
1081,화정점,광주광역시 서구 화운로126번길 6,광주광역시,서구
1082,환호점,경상북도 포항시북구 삼호로 458,경상북도,포항시북구
1083,황간점,충청북도 영동군 황간면 남성1길 3,충청북도,영동군
1084,황성점,경상북도 경주시 용담로92번길 43-4,경상북도,경주시
1085,황제점,대구광역시 서구 서대구로8길 58,대구광역시,서구
1086,회원교방점,경상남도 창원시마산회원구 회원남로 39-1,경상남도,창원시마산회원구
1087,횡성점,강원도 횡성군 횡성읍 태기로 35,강원도,횡성군
1088,횡성중앙점,"강원도 횡성군 횡성읍 문정로19번길, 13-3",강원도,횡성군
1089,효가리점,"강원도 동해시  청운로 71(쇄운동, 104)",강원도,동해시
1090,효돈점,제주특별자치도 서귀포시 하신상로 29,제주특별자치도,서귀포시
1091,효성1점,인천광역시 계양구 아나지로 173,인천광역시,계양구
1092,효성2점,인천광역시 계양구 안남로 573번길3,인천광역시,계양구
1093,효성점,인천광역시 남동구 백범로247번길 93-26,인천광역시,남동구
1094,효자점(포항),경상북도 포항시남구 효자로118번길 27,경상북도,포항시남구
1095,후곡점,"경기도 고양시일산서구 강선로 140, 107(일산동, 태영상가)",경기도,고양시일산서구
1096,후평2동점,"강원도 춘천시 후만로 37, 1층1호(후평동, 주공6단지A)",강원도,춘천시
1097,후포점,경상북도 울진군 후포면 후포리 623-130,경상북도,울진군
1098,훼미리점,"서울특별시 송파구 중대로 24(문정동, 훼미리상가125호)",서울특별시,송파구
1099,휴먼시아점,"서울특별시 금천구 금하로1가길 28 (독산동,지상1층)",서울특별시,금천구
1100,휴천점,경상북도 영주시 휴천2동 303-21,경상북도,영주시
1101,흑석동점,서울특별시 동작구 서달로10길 14-1,서울특별시,동작구
1102,흥업점,강원도 원주시 흥업면 남원로 82,강원도,원주시
1103,흥해점,경상북도 포항시북구 흠해흡 초곡지구로52번길 28-6,경상북도,포항시북구
1104,흰돌점,경기도 고양시일산동구 일산로 11 ,경기도,고양시일산동구
1105,CNTTEST,00 18 신사동 주소,00,18
